Question,Hybrid_RAG_Context,Hybrid_RAG_Latency_sec,Graph_RAG_Context,Graph_RAG_Latency_sec,OKF_LLM_Wiki_Context,OKF_LLM_Wiki_Latency_sec,Hybrid_RAG_Answer,Graph_RAG_Answer,OKF_LLM_Wiki_Answer
請問建築技術規則中，對於「建築基地面積」的定義是什麼？,"本編建築技術用語，其他各編得適用，其定義如下：
一、一宗土地：本法第十一條所稱一宗土地，指一幢或二幢以上有連帶使用性之建築物所使用之建築基地。但建築基地為道路、鐵路或永久性空地等分隔者，不視為同一宗土地。
二、建築基地面積：建築基地（以下簡稱基地）之水平投影面積。
三、建築面積：建築物外牆中心線或其代替柱中心線以內之最大水平投影面積。但電業單位規定之配電設備及其防護設施、地下層突出基地地面未超過一點二公尺或遮陽板有二分之一以上為透空，且其深度在二點零公尺以下者，不計入建築面積；陽臺、屋簷及建築物出入口雨遮突出建築物外牆中心線或其代替柱中心線超過二點零公尺，或雨遮、花臺突出超過一點零公尺者，應自其外緣分別扣除二點零公尺或一點零公尺作為中心線；每層陽臺面積之和，以不超過建築面積八分之一為限，其未達八平方公尺者，得建築八平方公尺。
四、建蔽率：建築面積占基地面積之比率。
五、樓地板面積：建築物各層樓地板或其一部分，在該區劃中心線以內之水平投影面積。但不包括第三款不計入建築面積之部分。
六、觀眾席樓地板面積：觀眾席位及縱、橫通道之樓地板面積。但不包括吸煙室、放映室、舞臺及觀眾席外面二側及後側之走廊面積。
七、總樓地板面積：建築物各層包括地下層、屋頂突出物及夾層等樓地板面積之總和。
八、基地地面：基地整地完竣後，建築物外牆與地面接觸最低一側之水平面；基地地面高低相差超過三公尺，以每相差三公尺之水平面為該部分基地地面。
九、建築物高度：自基地地面計量至建築物最高部分之垂直高度。但屋頂突出物或非平屋頂建築物之屋頂，自其頂點往下垂直計量之高度應依下列規定，且不計入建築物高度：
（一）第十款第一目之屋頂突出物高度在六公尺以內或有昇降機設備通達屋頂之屋頂突出物高度在九公尺以內，且屋頂突出物水平投影面積之和，除高層建築物以不超過建築面積百分之十五外，其餘以不超過建築面積百分之十二點五為限，其未達二十五平方公尺者，得建築二十五平方公尺。
（二）水箱、水塔設於屋頂突出物上高度合計在六公尺以內或設於有昇降機設備通達屋頂之屋頂突出物高度在九公尺以內或設於屋頂面上高度在二點五公尺以內。
（三）女兒牆高度在一點五公尺以內。
（四）第十款第三目至第五目之屋頂突出物。
（五）非平屋頂建築物之屋頂斜率（高度與水平距離之比）在二分之一以下者。
（六）非平屋頂建築物之屋頂斜率（高度與水平距離之比）超過二分之一者，應經中央主管建築機關核可。
十、屋頂突出物：突出於屋面之附屬建築物及雜項工作物：
（一）樓梯間、昇降機間、無線電塔及機械房。
（二）水塔、水箱、女兒牆、防火牆。
（三）雨水貯留利用系統設備、淨水設備、露天機電設備、煙囪、避雷針、風向器、旗竿、無線電桿及屋脊裝飾物。
（四）突出屋面之管道間、採光換氣或再生能源使用等節能設施。
（五）突出屋面之三分之一以上透空遮牆、三分之二以上透空立體構架供景觀造型、屋頂綠化等公益及綠建築設施，其投影面積不計入第九款第一目屋頂突出物水平投影面積之和。但本目與第一目及第六目之屋頂突出物水平投影面積之和，以不超過建築面積百分之三十為限。
（六）其他經中央主管建築機關認可者。
十一、簷高：自基地地面起至建築物簷口底面或平屋頂底面之高度。
十二、地板面高度：自基地地面至地板面之垂直距離。
十三、樓層高度：自室內地板面至其直上層地板面之高度；最上層之高度，為至其天花板高度。但同一樓層之高度不同者，以其室內樓地板面積除該樓層容積之商，視為樓層高度。
十四、天花板高度：自室內地板面至天花板之高度，同一室內之天花板高度不同時，以其室內樓地板面積除室內容積之商作天花板高度。
十五、建築物層數：基地地面以上樓層數之和。但合於第九款第一目之規定者，不作為層數計算；建築物內層數不同者，以最多之層數作為該建築物層數。
十六、地下層：地板面在基地地面以下之樓層。但天花板高度有三分之二以上在基地地面上者，視為地面層。
十七、閣樓：在屋頂內之樓層，樓地板面積在該建築物建築面積三分之一以上時，視為另一樓層。
十八、夾層：夾於樓地板與天花板間之樓層；同一樓層內夾層面積之和，超過該層樓地板面積三分之一或一百平方公尺者，視為另一樓層。
十九、居室：供居住、工作、集會、娛樂、烹飪等使用之房間，均稱居室。門廳、走廊、樓梯間、衣帽間、廁所盥洗室、浴室、儲藏室、機械室、車庫等不視為居室。但旅館、住宅、集合住宅、寄宿舍等建築物其衣帽間與儲藏室面積之合計以不超過該層樓地板面積八分之一為原則。
二十、露臺及陽臺：直上方無任何頂遮蓋物之平臺稱為露臺，直上方有遮蓋物者稱為陽臺。
二十一、集合住宅：具有共同基地及共同空間或設備。並有三個住宅單位以上之建築物。
二十二、外牆：建築物外圍之牆壁。
二十三、分間牆：分隔建築物內部空間之牆壁。
二十四、分戶牆：分隔住宅單位與住宅單位或住戶與住戶或不同用途區劃間之牆壁。
二十五、承重牆：承受本身重量及本身所受地震、風力外並承載及傳導其他外壓力及載重之牆壁。
二十六、帷幕牆：構架構造建築物之外牆，除承載本身重量及其所受之地震、風力外，不再承載或傳導其他載重之牆壁。
二十七、耐水材料：磚、石料、人造石、混凝土、柏油及其製品、陶瓷品、玻璃、金屬材料、塑膠製品及其他具有類似耐水性之材料。
二十八、不燃材料：混凝土、磚或空心磚、瓦、石料、鋼鐵、鋁、玻璃、玻璃纖維、礦棉、陶瓷品、砂漿、石灰及其他經中央主管建築機關認定符合耐燃一級之不因火熱引起燃燒、熔化、破裂變形及產生有害氣體之材料。
二十九、耐火板：木絲水泥板、耐燃石膏板及其他經中央主管建築機關認定符合耐燃二級之材料。
三十、耐燃材料：耐燃合板、耐燃纖維板、耐燃塑膠板、石膏板及其他經中央主管建築機關認定符合耐燃三級之材料。
三十一、防火時效：建築物主要結構構件、防火設備及防火區劃構造遭受火災時可耐火之時間。
三十二、阻熱性：在標準耐火試驗條件下，建築構造當其一面受火時，能在一定時間內，其非加熱面溫度不超過規定值之能力。
三十三、防火構造：具有本編第三章第三節所定防火性能與時效之構造。
三十四、避難層：具有出入口通達基地地面或道路之樓層。
三十五、無窗戶居室：具有下列情形之一之居室：
（一）依本編第四十二條規定有效採光面積未達該居室樓地板面積百分之五者。
（二）可直接開向戶外或可通達戶外之有效防火避難構造開口，其高度未達一點二公尺，寬度未達七十五公分；如為圓型時直徑未達一公尺者。
（三）樓地板面積超過五十平方公尺之居室，其天花板或天花板下方八十公分範圍以內之有效通風面積未達樓地板面積百分之二者。
三十六、道路：指依都市計畫法或其他法律公布之道路（得包括人行道及沿道路邊綠帶）或經指定建築線之現有巷道。除另有規定外，不包括私設通路及類似通路。
三十七、類似通路：基地內具有二幢以上連帶使用性之建築物（包括機關、學校、醫院及同屬一事業體之工廠或其他類似建築物），各幢建築物間及建築物至建築線間之通路；類似通路視為法定空地，其寬度不限制。
三十八、私設通路：基地內建築物之主要出入口或共同出入口（共用樓梯出入口）至建築線間之通路；主要出入口不包括本編第九十條規定增設之出入口；共同出入口不包括本編第九十五條規定增設之樓梯出入口。私設通路與道路之交叉口，免截角。
三十九、直通樓梯：建築物地面以上或以下任一樓層可直接通達避難層或地面之樓梯（包括坡道）。
四十、永久性空地：指下列依法不得建築或因實際天然地形不能建築之土地（不包括道路）：
（一）都市計畫法或其他法律劃定並已開闢之公園、廣場、體育場、兒童遊戲場、河川、綠地、綠帶及其他類似之空地。
（二）海洋、湖泊、水堰、河川等。
（三）前二目之河川、綠帶等除夾於道路或二條道路中間者外，其寬度或寬度之和應達四公尺。
四十一、退縮建築深度：建築物外牆面自建築線退縮之深度；外牆面退縮之深度不等，以最小之深度為退縮建築深度。但第三款規定，免計入建築面積之陽臺、屋簷、雨遮及遮陽板，不在此限。
四十二、幢：建築物地面層以上結構獨立不與其他建築物相連，地面層以上其使用機能可獨立分開者。
四十三、棟：以具有單獨或共同之出入口並以無開口之防火牆及防火樓板區劃分開者。
四十四、特別安全梯：自室內經由陽臺或排煙室始得進入之安全梯。
四十五、遮煙性能：在常溫及中溫標準試驗條件下，建築物出入口裝設之一般門或區劃出入口裝設之防火設備，當其構造二側形成火災情境下之壓差時，具有漏煙通氣量不超過規定值之能力。
四十六、昇降機道：建築物供昇降機廂運行之垂直空間。
四十七、昇降機間：昇降機廂駐停於建築物各樓層時，供使用者進出及等待搭乘等之空間。
---
（因條文排版無法完整呈現內容，請詳閱
完整條文
檔案）
高層建築物之地下各層最大樓地板面積計算公式如左：
ＡO ≦（1 ﹢ Q）Ａ／2
ＡO ：地下各層最大樓地板面積。
Ａ：建築基地面積。
Q ：該基地之最大建蔽率。
高層建築物因施工安全或停車設備等特殊需要，經預審認定有增加地下各層樓地板面積必要者，得不受前項限制。
---
建築基地地下各層最大樓地板面積計算公式如左：
A0<（1+Q）A/2
A0：地下各層最大樓地板面積。
A ：建築基地面積。
Q ：該基地之最大建蔽率。
建築物因施工安全或停車設備等特殊需要，經主管建築機關審定有增加地下各層樓地板面積必要者，得不受前項限制。
建築基地內原有樹木，其距離地面一公尺高之樹幹周長大於五十公分以上經列管有案者，應予保留或移植於基地之空地內。",0.274,"【實體原文 - 建築基地綠化設計技術規範】
建築基地綠化之總固碳當量計算，應依設計技術規範辦理。
前項建築基地綠化設計技術規範，由中央主管建築機關定之。
[第24條] 基地面積 -需大於等於-> 一千五百平方公尺
【實體原文 - 基地面積及建築面積】
商業區之法定騎樓或住宅區面臨十五公尺以上道路之法定騎樓所占面積不計入基地面積及建築面積。
建築基地退縮騎樓地未建築部分計入法定空地。
【實體原文 - 基地面積】
未實施容積管制地區建築物高度不得超過三十六公尺及十二層樓。但合於下列規定之一者，不在此限：
一、基地面積在一千五百平方公尺以上，平均深度在三十公尺以上，且基地面前道路之寬度在三十公尺以上，臨接該道路之長度在三十公尺以上。
二、基地面積在一千五百平方公尺以上，平均深度在三十公尺以上，且基地面前道路之寬度在二十公尺以上，該基地面前道路對側或他側（或他側臨接道路之對側）臨接永久性空地，面對或臨接永久性空地之長度在三十公尺以上，且永久性空地之平均深度與寬度各在三十公尺以上，面積在五千平方公尺以上。
---
本規則所稱容積率，指基地內建築物之容積總樓地板面積與基地面積之比。基地面積之計算包括法定騎樓面積。
前項所稱容積總樓地板面積，指建築物除依本編第五十五條、第一百六十二條、第一百八十一條、第三百條及其他法令規定，不計入樓地板面積部分外，其餘各層樓地板面積之總和。
[第304條] 建築基地綠化設計技術規範 -由-> 中央主管建築機關定之
[第161條] 基地面積 -包括-> 法定騎樓面積",0.069,"【Agent 查閱文獻 1：okf_knowledge\建築技術規則建築設計施工編\第一章_用語定義\第1條.md】
---
chapter: 第一章 用語定義
law: 建築技術規則建築設計施工編
related_articles:
- 第九十五條
- 第十一條
- 第四十二條
- 第九十條
section: ''
summary: 定義了建築技術規則中的關鍵術語及其計算方法，如建築面積、建蔽率、建築物高度等。
tags: 建築面積, 建蔽率, 建筑物高度, 基地面積, 楼层高度
title: 第1條
---
# 第1條

本編建築技術用語，其他各編得適用，其定義如下：
一、一宗土地：本法第十一條所稱一宗土地，指一幢或二幢以上有連帶使用性之建築物所使用之建築基地。但建築基地為道路、鐵路或永久性空地等分隔者，不視為同一宗土地。
二、建築基地面積：建築基地（以下簡稱基地）之水平投影面積。
三、建築面積：建築物外牆中心線或其代替柱中心線以內之最大水平投影面積。但電業單位規定之配電設備及其防護設施、地下層突出基地地面未超過一點二公尺或遮陽板有二分之一以上為透空，且其深度在二點零公尺以下者，不計入建築面積；陽臺、屋簷及建築物出入口雨遮突出建築物外牆中心線或其代替柱中心線超過二點零公尺，或雨遮、花臺突出超過一點零公尺者，應自其外緣分別扣除二點零公尺或一點零公尺作為中心線；每層陽臺面積之和，以不超過建築面積八分之一為限，其未達八平方公尺者，得建築八平方公尺。
四、建蔽率：建築面積占基地面積之比率。
五、樓地板面積：建築物各層樓地板或其一部分，在該區劃中心線以內之水平投影面積。但不包括第三款不計入建築面積之部分。
六、觀眾席樓地板面積：觀眾席位及縱、橫通道之樓地板面積。但不包括吸煙室、放映室、舞臺及觀眾席外面二側及後側之走廊面積。
七、總樓地板面積：建築物各層包括地下層、屋頂突出物及夾層等樓地板面積之總和。
八、基地地面：基地整地完竣後，建築物外牆與地面接觸最低一側之水平面；基地地面高低相差超過三公尺，以每相差三公尺之水平面為該部分基地地面。
九、建築物高度：自基地地面計量至建築物最高部分之垂直高度。但屋頂突出物或非平屋頂建築物之屋頂，自其頂點往下垂直計量之高度應依下列規定，且不計入建築物高度：
（一）第十款第一目之屋頂突出物高度在六公尺以內或有昇降機設備通達屋頂之屋頂突出物高度在九公尺以內，且屋頂突出物水平投影面積之和，除高層建築物以不超過建築面積百分之十五外，其餘以不超過建築面積百分之十二點五為限，其未達二十五平方公尺者，得建築二十五平方公尺。
（二）水箱、水塔設於屋頂突出物上高度合計在六公尺以內或設於有昇降機設備通達屋頂之屋頂突出物高度在九公尺以內或設於屋頂面上高度在二點五公尺以內。
（三）女兒牆高度在一點五公尺以內。
（四）第十款第三目至第五目之屋頂突出物。
（五）非平屋頂建築物之屋頂斜率（高度與水平距離之比）在二分之一以下者。
（六）非平屋頂建築物之屋頂斜率（高度與水平距離之比...

【Agent 查閱文獻 2：okf_knowledge\建築技術規則建築設計施工編\第二章_一般設計通則\第一節_建築基地\第4-3條.md】
---
title: ""第4-3條""
law: ""建築技術規則建築設計施工編""
chapter: ""第二章 一般設計通則""
section: ""第一節 建築基地""
related_articles: []
---
# 第4-3條

都市計畫地區新建、增建或改建之建築物，除本編第十三章山坡地建築已依水土保持技術規範規劃設置滯洪設施、個別興建農舍、建築基地面積三百平方公尺以下及未增加建築面積之增建或改建部分者外，應依下列規定，設置雨水貯集滯洪設施：
一、於法定空地、建築物地面層、地下層或筏基內設置水池或儲水槽，以管線或溝渠收集屋頂、外牆面或法定空地之雨水，並連接至建築基地外雨水下水道系統。
二、採用密閉式水池或儲水槽時，應具備泥砂清除設施。
三、雨水貯集滯洪設施無法以重力式排放雨水者，應具備抽水泵浦排放，並應於地面層以上及流入水池或儲水槽前之管線或溝渠設置溢流設施。
四、雨水貯集滯洪設施得於四周或底部設計具有滲透雨水之功能，並得依本編第十七章有關建築基地保水或建築物雨水貯留利用系統之規定，合併設計。
前項設置雨水貯集滯洪設施規定，於都市計畫法令、都市計畫書或直轄市、縣（市）政府另有規定者，從其規定。
第一項設置之雨水貯集滯洪設施，其雨水貯集設計容量不得低於下列規定：
一、新建建築物且建築基地內無其他合法建築物者，以申請建築基地面積乘以零點零四五（立方公尺／平方公尺）。
二、建築基地內已有合法建築物者，以新建、增建或改建部分之建築面積除以法定建蔽率後，再乘以零點零四五（立方公尺／平方公尺）。
...",24.6,建築基地面積的定義為「建築基地之水平投影面積」。,建築基地面積定義為「建築基地之水平投影面積」。,依據建築技術規則，對於「建築基地面積」的定義為：建築基地（以下簡稱基地）之水平投影面積。
根據規定，無窗戶居室的定義中，有效採光面積未達該居室樓地板面積的百分之多少？,"本編建築技術用語，其他各編得適用，其定義如下：
一、一宗土地：本法第十一條所稱一宗土地，指一幢或二幢以上有連帶使用性之建築物所使用之建築基地。但建築基地為道路、鐵路或永久性空地等分隔者，不視為同一宗土地。
二、建築基地面積：建築基地（以下簡稱基地）之水平投影面積。
三、建築面積：建築物外牆中心線或其代替柱中心線以內之最大水平投影面積。但電業單位規定之配電設備及其防護設施、地下層突出基地地面未超過一點二公尺或遮陽板有二分之一以上為透空，且其深度在二點零公尺以下者，不計入建築面積；陽臺、屋簷及建築物出入口雨遮突出建築物外牆中心線或其代替柱中心線超過二點零公尺，或雨遮、花臺突出超過一點零公尺者，應自其外緣分別扣除二點零公尺或一點零公尺作為中心線；每層陽臺面積之和，以不超過建築面積八分之一為限，其未達八平方公尺者，得建築八平方公尺。
四、建蔽率：建築面積占基地面積之比率。
五、樓地板面積：建築物各層樓地板或其一部分，在該區劃中心線以內之水平投影面積。但不包括第三款不計入建築面積之部分。
六、觀眾席樓地板面積：觀眾席位及縱、橫通道之樓地板面積。但不包括吸煙室、放映室、舞臺及觀眾席外面二側及後側之走廊面積。
七、總樓地板面積：建築物各層包括地下層、屋頂突出物及夾層等樓地板面積之總和。
八、基地地面：基地整地完竣後，建築物外牆與地面接觸最低一側之水平面；基地地面高低相差超過三公尺，以每相差三公尺之水平面為該部分基地地面。
九、建築物高度：自基地地面計量至建築物最高部分之垂直高度。但屋頂突出物或非平屋頂建築物之屋頂，自其頂點往下垂直計量之高度應依下列規定，且不計入建築物高度：
（一）第十款第一目之屋頂突出物高度在六公尺以內或有昇降機設備通達屋頂之屋頂突出物高度在九公尺以內，且屋頂突出物水平投影面積之和，除高層建築物以不超過建築面積百分之十五外，其餘以不超過建築面積百分之十二點五為限，其未達二十五平方公尺者，得建築二十五平方公尺。
（二）水箱、水塔設於屋頂突出物上高度合計在六公尺以內或設於有昇降機設備通達屋頂之屋頂突出物高度在九公尺以內或設於屋頂面上高度在二點五公尺以內。
（三）女兒牆高度在一點五公尺以內。
（四）第十款第三目至第五目之屋頂突出物。
（五）非平屋頂建築物之屋頂斜率（高度與水平距離之比）在二分之一以下者。
（六）非平屋頂建築物之屋頂斜率（高度與水平距離之比）超過二分之一者，應經中央主管建築機關核可。
十、屋頂突出物：突出於屋面之附屬建築物及雜項工作物：
（一）樓梯間、昇降機間、無線電塔及機械房。
（二）水塔、水箱、女兒牆、防火牆。
（三）雨水貯留利用系統設備、淨水設備、露天機電設備、煙囪、避雷針、風向器、旗竿、無線電桿及屋脊裝飾物。
（四）突出屋面之管道間、採光換氣或再生能源使用等節能設施。
（五）突出屋面之三分之一以上透空遮牆、三分之二以上透空立體構架供景觀造型、屋頂綠化等公益及綠建築設施，其投影面積不計入第九款第一目屋頂突出物水平投影面積之和。但本目與第一目及第六目之屋頂突出物水平投影面積之和，以不超過建築面積百分之三十為限。
（六）其他經中央主管建築機關認可者。
十一、簷高：自基地地面起至建築物簷口底面或平屋頂底面之高度。
十二、地板面高度：自基地地面至地板面之垂直距離。
十三、樓層高度：自室內地板面至其直上層地板面之高度；最上層之高度，為至其天花板高度。但同一樓層之高度不同者，以其室內樓地板面積除該樓層容積之商，視為樓層高度。
十四、天花板高度：自室內地板面至天花板之高度，同一室內之天花板高度不同時，以其室內樓地板面積除室內容積之商作天花板高度。
十五、建築物層數：基地地面以上樓層數之和。但合於第九款第一目之規定者，不作為層數計算；建築物內層數不同者，以最多之層數作為該建築物層數。
十六、地下層：地板面在基地地面以下之樓層。但天花板高度有三分之二以上在基地地面上者，視為地面層。
十七、閣樓：在屋頂內之樓層，樓地板面積在該建築物建築面積三分之一以上時，視為另一樓層。
十八、夾層：夾於樓地板與天花板間之樓層；同一樓層內夾層面積之和，超過該層樓地板面積三分之一或一百平方公尺者，視為另一樓層。
十九、居室：供居住、工作、集會、娛樂、烹飪等使用之房間，均稱居室。門廳、走廊、樓梯間、衣帽間、廁所盥洗室、浴室、儲藏室、機械室、車庫等不視為居室。但旅館、住宅、集合住宅、寄宿舍等建築物其衣帽間與儲藏室面積之合計以不超過該層樓地板面積八分之一為原則。
二十、露臺及陽臺：直上方無任何頂遮蓋物之平臺稱為露臺，直上方有遮蓋物者稱為陽臺。
二十一、集合住宅：具有共同基地及共同空間或設備。並有三個住宅單位以上之建築物。
二十二、外牆：建築物外圍之牆壁。
二十三、分間牆：分隔建築物內部空間之牆壁。
二十四、分戶牆：分隔住宅單位與住宅單位或住戶與住戶或不同用途區劃間之牆壁。
二十五、承重牆：承受本身重量及本身所受地震、風力外並承載及傳導其他外壓力及載重之牆壁。
二十六、帷幕牆：構架構造建築物之外牆，除承載本身重量及其所受之地震、風力外，不再承載或傳導其他載重之牆壁。
二十七、耐水材料：磚、石料、人造石、混凝土、柏油及其製品、陶瓷品、玻璃、金屬材料、塑膠製品及其他具有類似耐水性之材料。
二十八、不燃材料：混凝土、磚或空心磚、瓦、石料、鋼鐵、鋁、玻璃、玻璃纖維、礦棉、陶瓷品、砂漿、石灰及其他經中央主管建築機關認定符合耐燃一級之不因火熱引起燃燒、熔化、破裂變形及產生有害氣體之材料。
二十九、耐火板：木絲水泥板、耐燃石膏板及其他經中央主管建築機關認定符合耐燃二級之材料。
三十、耐燃材料：耐燃合板、耐燃纖維板、耐燃塑膠板、石膏板及其他經中央主管建築機關認定符合耐燃三級之材料。
三十一、防火時效：建築物主要結構構件、防火設備及防火區劃構造遭受火災時可耐火之時間。
三十二、阻熱性：在標準耐火試驗條件下，建築構造當其一面受火時，能在一定時間內，其非加熱面溫度不超過規定值之能力。
三十三、防火構造：具有本編第三章第三節所定防火性能與時效之構造。
三十四、避難層：具有出入口通達基地地面或道路之樓層。
三十五、無窗戶居室：具有下列情形之一之居室：
（一）依本編第四十二條規定有效採光面積未達該居室樓地板面積百分之五者。
（二）可直接開向戶外或可通達戶外之有效防火避難構造開口，其高度未達一點二公尺，寬度未達七十五公分；如為圓型時直徑未達一公尺者。
（三）樓地板面積超過五十平方公尺之居室，其天花板或天花板下方八十公分範圍以內之有效通風面積未達樓地板面積百分之二者。
三十六、道路：指依都市計畫法或其他法律公布之道路（得包括人行道及沿道路邊綠帶）或經指定建築線之現有巷道。除另有規定外，不包括私設通路及類似通路。
三十七、類似通路：基地內具有二幢以上連帶使用性之建築物（包括機關、學校、醫院及同屬一事業體之工廠或其他類似建築物），各幢建築物間及建築物至建築線間之通路；類似通路視為法定空地，其寬度不限制。
三十八、私設通路：基地內建築物之主要出入口或共同出入口（共用樓梯出入口）至建築線間之通路；主要出入口不包括本編第九十條規定增設之出入口；共同出入口不包括本編第九十五條規定增設之樓梯出入口。私設通路與道路之交叉口，免截角。
三十九、直通樓梯：建築物地面以上或以下任一樓層可直接通達避難層或地面之樓梯（包括坡道）。
四十、永久性空地：指下列依法不得建築或因實際天然地形不能建築之土地（不包括道路）：
（一）都市計畫法或其他法律劃定並已開闢之公園、廣場、體育場、兒童遊戲場、河川、綠地、綠帶及其他類似之空地。
（二）海洋、湖泊、水堰、河川等。
（三）前二目之河川、綠帶等除夾於道路或二條道路中間者外，其寬度或寬度之和應達四公尺。
四十一、退縮建築深度：建築物外牆面自建築線退縮之深度；外牆面退縮之深度不等，以最小之深度為退縮建築深度。但第三款規定，免計入建築面積之陽臺、屋簷、雨遮及遮陽板，不在此限。
四十二、幢：建築物地面層以上結構獨立不與其他建築物相連，地面層以上其使用機能可獨立分開者。
四十三、棟：以具有單獨或共同之出入口並以無開口之防火牆及防火樓板區劃分開者。
四十四、特別安全梯：自室內經由陽臺或排煙室始得進入之安全梯。
四十五、遮煙性能：在常溫及中溫標準試驗條件下，建築物出入口裝設之一般門或區劃出入口裝設之防火設備，當其構造二側形成火災情境下之壓差時，具有漏煙通氣量不超過規定值之能力。
四十六、昇降機道：建築物供昇降機廂運行之垂直空間。
四十七、昇降機間：昇降機廂駐停於建築物各樓層時，供使用者進出及等待搭乘等之空間。
---
建築物之居室應設置採光用窗或開口，其採光面積依下列規定：
一、幼兒園及學校教室不得小於樓地板面積五分之一。
二、住宅之居室，寄宿舍之臥室，醫院之病房及兒童福利設施包括保健館、育幼院、育嬰室、養老院等建築物之居室，不得小於該樓地板面積八分之一。
三、位於地板面以上七十五公分範圍內之窗或開口面積不得計入採光面積之內。",0.065,"【實體原文 - 該室樓地板面積十分之一】
居室應設置能與戶外空氣直接流通之窗戶或開口，或有效之自然通風設備，或依建築設備編規定設置之機械通風設備，並應依下列規定：
一、一般居室及浴廁之窗戶或開口之有效通風面積，不得小於該室樓地板面積百分之五。但設置符合規定之自然或機械通風設備者，不在此限。
二、廚房之有效通風開口面積，不得小於該室樓地板面積十分之一，且不得小於零點八平方公尺。但設置符合規定之機械通風設備者，不在此限。廚房樓地板面積在一百平方公尺以上者，應另依建築設備編規定設置排除油煙設備。
三、有效通風面積未達該室樓地板面積十分之一之戲院、電影院、演藝場、集會堂等之觀眾席及使用爐灶等燃燒設備之鍋爐間、工作室等，應設置符合規定之機械通風設備。但所使用之燃燒器具及設備可直接自戶外導進空氣，並能將所發生之廢氣，直接排至戶外而無污染室內空氣之情形者，不在此限。
前項第二款廚房設置排除油煙設備規定，於空氣污染防制法相關法令或直轄市、縣（市）政府另有規定者，從其規定。
【實體原文 - 該室樓地板面積百分之五】
居室應設置能與戶外空氣直接流通之窗戶或開口，或有效之自然通風設備，或依建築設備編規定設置之機械通風設備，並應依下列規定：
一、一般居室及浴廁之窗戶或開口之有效通風面積，不得小於該室樓地板面積百分之五。但設置符合規定之自然或機械通風設備者，不在此限。
二、廚房之有效通風開口面積，不得小於該室樓地板面積十分之一，且不得小於零點八平方公尺。但設置符合規定之機械通風設備者，不在此限。廚房樓地板面積在一百平方公尺以上者，應另依建築設備編規定設置排除油煙設備。
三、有效通風面積未達該室樓地板面積十分之一之戲院、電影院、演藝場、集會堂等之觀眾席及使用爐灶等燃燒設備之鍋爐間、工作室等，應設置符合規定之機械通風設備。但所使用之燃燒器具及設備可直接自戶外導進空氣，並能將所發生之廢氣，直接排至戶外而無污染室內空氣之情形者，不在此限。
前項第二款廚房設置排除油煙設備規定，於空氣污染防制法相關法令或直轄市、縣（市）政府另有規定者，從其規定。
【實體原文 - 基準樓地板面積之百分之十】
老人住宅應依設計規範設計，其各層得增加之樓地板面積合計之最大值依左列公式計算︰
Σ△FA＝△FA1＋△FA2＋△FA3≦0.2FA
FA：基準樓地板面積，實施容積管制地區為該基地面積與容積率之乘積；未實施容積管制地區為該基地依本編規定核計之地面上各層樓地板面積之和。建築物之一部分作為老人住宅者，為該老人住宅部分及其服務空間樓地板面積之和。
Σ△FA：得增加之樓地板面積合計值。
△FA1 ：得增加之居室服務空間樓地板面積。但不得超過基準樓地板面積之百分之五。
△FA2 ：得增加之共用服務空間樓地板面積。但不得超過基準樓地板面積之百分之五，且不包括未計入該層樓地板面積之共同使用梯廳。
△FA3 ：得增加之公共服務空間樓地板面積。但不得超過基準樓地板面積之百分之十。",0.069,"【Agent 查閱文獻 1：okf_knowledge\建築技術規則建築設計施工編\第一章_用語定義\第1條.md】
---
chapter: 第一章 用語定義
law: 建築技術規則建築設計施工編
related_articles:
- 第九十五條
- 第十一條
- 第四十二條
- 第九十條
section: ''
summary: 定義了建築技術規則中的關鍵術語及其計算方法，如建築面積、建蔽率、建築物高度等。
tags: 建築面積, 建蔽率, 建筑物高度, 基地面積, 楼层高度
title: 第1條
---
# 第1條

本編建築技術用語，其他各編得適用，其定義如下：
一、一宗土地：本法第十一條所稱一宗土地，指一幢或二幢以上有連帶使用性之建築物所使用之建築基地。但建築基地為道路、鐵路或永久性空地等分隔者，不視為同一宗土地。
二、建築基地面積：建築基地（以下簡稱基地）之水平投影面積。
三、建築面積：建築物外牆中心線或其代替柱中心線以內之最大水平投影面積。但電業單位規定之配電設備及其防護設施、地下層突出基地地面未超過一點二公尺或遮陽板有二分之一以上為透空，且其深度在二點零公尺以下者，不計入建築面積；陽臺、屋簷及建築物出入口雨遮突出建築物外牆中心線或其代替柱中心線超過二點零公尺，或雨遮、花臺突出超過一點零公尺者，應自其外緣分別扣除二點零公尺或一點零公尺作為中心線；每層陽臺面積之和，以不超過建築面積八分之一為限，其未達八平方公尺者，得建築八平方公尺。
四、建蔽率：建築面積占基地面積之比率。
五、樓地板面積：建築物各層樓地板或其一部分，在該區劃中心線以內之水平投影面積。但不包括第三款不計入建築面積之部分。
六、觀眾席樓地板面積：觀眾席位及縱、橫通道之樓地板面積。但不包括吸煙室、放映室、舞臺及觀眾席外面二側及後側之走廊面積。
七、總樓地板面積：建築物各層包括地下層、屋頂突出物及夾層等樓地板面積之總和。
八、基地地面：基地整地完竣後，建築物外牆與地面接觸最低一側之水平面；基地地面高低相差超過三公尺，以每相差三公尺之水平面為該部分基地地面。
九、建築物高度：自基地地面計量至建築物最高部分之垂直高度。但屋頂突出物或非平屋頂建築物之屋頂，自其頂點往下垂直計量之高度應依下列規定，且不計入建築物高度：
（一）第十款第一目之屋頂突出物高度在六公尺以內或有昇降機設備通達屋頂之屋頂突出物高度在九公尺以內，且屋頂突出物水平投影面積之和，除高層建築物以不超過建築面積百分之十五外，其餘以不超過建築面積百分之十二點五為限，其未達二十五平方公尺者，得建築二十五平方公尺。
（二）水箱、水塔設於屋頂突出物上高度合計在六公尺以內或設於有昇降機設備通達屋頂之屋頂突出物高度在九公尺以內或設於屋頂面上高度在二點五公尺以內。
（三）女兒牆高度在一點五公尺以內。
（四）第十款第三目至第五目之屋頂突出物。
（五）非平屋頂建築物之屋頂斜率（高度與水平距離之比）在二分之一以下者。
（六）非平屋頂建築物之屋頂斜率（高度與水平距離之比...

【Agent 查閱文獻 2：okf_knowledge\建築技術規則建築設計施工編\第九章_容積設計\第162條.md】
---
chapter: 第九章 容積設計
law: 建築技術規則建築設計施工編
related_articles:
- 第五十九條
- 第一條
section: ''
summary: 計算容積率時，特定陽臺、梯廳、透空遮陽板及特定用途空間可不計入樓地板面積。
tags: 陽臺, 梯廳, 透空遮陽板, 特定用途
title: 第162條
---
# 第162條

前條容積總樓地板面積依本編第一條第五款、第七款及下列規定計算之：
一、每層陽臺、屋簷突出建築物外牆中心線或柱中心線超過二公尺或雨遮、花臺突出超過一公尺者，應自其外緣分別扣除二公尺或一公尺作為中心線，計算該層樓地板面積。每層陽臺面積未超過該層樓地板面積之百分之十部分，得不計入該層樓地板面積。每層共同使用之樓梯間、昇降機間之梯廳，其淨深度不得小於二公尺；其梯廳面積未超過該層樓地板面積百分之十部分，得不計入該層樓地板面積。但每層陽臺面積與梯廳面積之和超過該層樓地板面積之百分之十五部分者，應計入該層樓地板面積；無共同使用梯廳之住宅用途使用者，每層陽臺面積之和，在該層樓地板面積百分之十二點五或未超過八平方公尺部分，得不計入容積總樓地板面積。
二、二分之一以上透空之遮陽板，其深度在二公尺以下者，或露臺或法定騎樓或本編第一條第九款第一目屋頂突出物或依法設置之防空避難設備、裝卸、機電設備、安全梯之梯間、緊急昇降機之機道、特別安全梯與緊急昇降機之排煙室及依公寓大廈管理條例規定之管理委員會使用空間，得不計入容積總樓地板面積。但機電設備空間、安全梯之梯間、緊急昇降機之機道、特別安全梯與緊急昇降機之排煙室及管理委員會使用空間面積之和，除依規定僅須設置一座直通樓梯之建築物，不得超過都市計畫法規及非都市土地使用管制規則規定該基地容積之百分之十外，其餘不得超過該基地容積之百分之十五。
三、建築物依都市計畫法令或本編第五十九條規定設置之停車空間、獎勵增設停車空間及未設置獎勵增設停車空間之自行增設停車空間，得不計入容積總樓地板面積。但面臨超過十二公尺道路之一棟一戶連棟建築物，除汽車車道外，其設置於地面層之停車空間，應計入容積總樓地板面積。
前項第二款之機電設備空間係指電氣、電信、燃氣、給水、排水、空氣調節、消防及污物處理等設備之空間。但設於公寓大廈專有部分或約定專用部分之機電設備空間，應計入容積總樓地板面積。
...",15.4,有效採光面積未達該居室樓地板面積的百分之五。,有效採光面積未達該居室樓地板面積的百分之五者。,根據規定，無窗戶居室的定義中，有效採光面積未達該居室樓地板面積的百分之五（5%）。
非防火構造建築物，其外牆為木造者，與相鄰基地境界線之距離應為多少公尺以上？,"非防火構造建築物，除基地鄰接寬度六公尺以上道路或深度六公尺以上之永久性空地側外，建築物應自基地境界線（後側及兩側）退縮留設淨寬一．五公尺以上之防火間隔。一基地內兩幢建築物間應留設淨寬三公尺以上之防火間隔。
前項建築物自基地境界線退縮留設之防火間隔超過六公尺之建築物外牆與屋頂部分，及一基地內二幢建築物間留設之防火間隔超過十二公尺之建築物外牆與屋頂部分，得不受本編第八十四條之一應以不燃材料建造或覆蓋之限制。
---
非防火構造建築物之外牆及屋頂，應使用不燃材料建造或覆蓋。且基地內距境界線三公尺範圍內之建築物外牆及頂部部分，與二幢建築物相對距離在六公尺範圍內之外牆及屋頂部分，應具有半小時以上之防火時效，其上之開口應裝設具同等以上防火性能之防火門窗等防火設備。但屋頂面積在十平方公尺以下者，不在此限。",0.058,"[第110條] 防火間隔在一．五公尺以上未達三公尺範圍內之外牆 -需具備-> 半小时以上防火时效
[第110條] 防火間隔未達三公尺範圍內之外牆 -需具備-> 一小时以上防火时效
【實體原文 - 防火間隔未達三公尺範圍內之外牆】
防火構造建築物，除基地鄰接寬度六公尺以上之道路或深度六公尺以上之永久性空地側外，依左列規定：
一、建築物自基地境界線退縮留設之防火間隔未達一．五公尺範圍內之外牆部分，應具有一小時以上防火時效，其牆上之開口應裝設具同等以上防火時效之防火門或固定式防火窗等防火設備。
二、建築物自基地境界線退縮留設之防火間隔在一．五公尺以上未達三公尺範圍內之外牆部分，應具有半小時以上防火時效，其牆上之開口應裝設具同等以上防火時效之防火門窗等防火設備。但同一居室開口面積在三平方公尺以下，且以具半小時防火時效之牆壁（不包括裝設於該牆壁上之門窗）與樓板區劃分隔者，其外牆之開口不在此限。
三、一基地內二幢建築物間之防火間隔未達三公尺範圍內之外牆部分，應具有一小時以上防火時效，其牆上之開口應裝設具同等以上防火時效之防火門或固定式防火窗等防火設備。
四、一基地內二幢建築物間之防火間隔在三公尺以上未達六公尺範圍內之外牆部分，應具有半小時以上防火時效，其牆上之開口應裝設具同等以上防火時效之防火門窗等防火設備。但同一居室開口面積在三平方公尺以下，且以具半小時防火時效之牆壁（不包括裝設於該牆壁上之門窗）與樓板區劃分隔者，其外牆之開口不在此限。
五、建築物配合本編第九十條規定之避難層出入口，應在基地內留設淨寬一．五公尺之避難用通路自出入口接通至道路，避難用通路得兼作防火間隔。臨接避難用通路之建築物外牆開口應具有一小時以上防火時效及半小時以上之阻熱性。
六、市地重劃地區，應由直轄市、縣（市）政府規定整體性防火間隔，其淨寬應在三公尺以上，並應接通道路。
【實體原文 - 距境界線三公尺範圍內之建築物】
非防火構造建築物之外牆及屋頂，應使用不燃材料建造或覆蓋。且基地內距境界線三公尺範圍內之建築物外牆及頂部部分，與二幢建築物相對距離在六公尺範圍內之外牆及屋頂部分，應具有半小時以上之防火時效，其上之開口應裝設具同等以上防火性能之防火門窗等防火設備。但屋頂面積在十平方公尺以下者，不在此限。
[第84-1條] 距境界線三公尺範圍內之建築物 -與建築物相對距離-> 六公尺範圍內
【實體原文 - 防火間隔在一．五公尺以上未達三公尺範圍內之外牆】
防火構造建築物，除基地鄰接寬度六公尺以上之道路或深度六公尺以上之永久性空地側外，依左列規定：
一、建築物自基地境界線退縮留設之防火間隔未達一．五公尺範圍內之外牆部分，應具有一小時以上防火時效，其牆上之開口應裝設具同等以上防火時效之防火門或固定式防火窗等防火設備。
二、建築物自基地境界線退縮留設之防火間隔在一．五公尺以上未達三公尺範圍內之外牆部分，應具有半小時以上防火時效，其牆上之開口應裝設具同等以上防火時效之防火門窗等防火設備。但同一居室開口面積在三平方公尺以下，且以具半小時防火時效之牆壁（不包括裝設於該牆壁上之門窗）與樓板區劃分隔者，其外牆之開口不在此限。
三、一基地內二幢建築物間之防火間隔未達三公尺範圍內之外牆部分，應具有一小時以上防火時效，其牆上之開口應裝設具同等以上防火時效之防火門或固定式防火窗等防火設備。
四、一基地內二幢建築物間之防火間隔在三公尺以上未達六公尺範圍內之外牆部分，應具有半小時以上防火時效，其牆上之開口應裝設具同等以上防火時效之防火門窗等防火設備。但同一居室開口面積在三平方公尺以下，且以具半小時防火時效之牆壁（不包括裝設於該牆壁上之門窗）與樓板區劃分隔者，其外牆之開口不在此限。
五、建築物配合本編第九十條規定之避難層出入口，應在基地內留設淨寬一．五公尺之避難用通路自出入口接通至道路，避難用通路得兼作防火間隔。臨接避難用通路之建築物外牆開口應具有一小時以上防火時效及半小時以上之阻熱性。
六、市地重劃地區，應由直轄市、縣（市）政府規定整體性防火間隔，其淨寬應在三公尺以上，並應接通道路。",0.067,"【Agent 查閱文獻 1：okf_knowledge\建築技術規則建築設計施工編\第三章_建築物之防火\第三節_防火構造\第69條.md】
---
title: ""第69條""
law: ""建築技術規則建築設計施工編""
chapter: ""第三章 建築物之防火""
section: ""第三節 防火構造""
related_articles: []
---
# 第69條

下表之建築物應為防火構造。但工廠建築，除依下表 C  類規定外，作業廠房樓地板面積，合計超過五十平方公尺者，其主要構造，均應以不燃材料建造。
┌─────────┬────────────────────┐
│　建築物使用類組  │            應為防火構造者              │
├─┬───────┼────┬──────┬────────┤
│類│    組  別    │樓    層│總樓地板面積│樓層及樓地板面積│
│別│              │        │            │之和            │
├─┼───┬───┼────┼──────┼────────┤
│Ａ│公共集│全  部│全    部│    －      │      －        │
│類│會類  │      │        │            │                │
├─┼───┼───┼────┼──────┼────────┤
│Ｂ│商業類│全部  │三層以上│三○○○平方│二層部分之面積在│
│類│      │      │之樓層  │公尺以上    │五○○平方公尺以│
│  │      │      │        │            │上。            │
├─┼───┼───┼────┼──────┼────────┤
│Ｃ│工業、│全部  │三層以上│一五○○平方│變電所、飛機庫、│
│類│倉儲類│      │之樓層  │公尺以上（工│汽車修理場、發電│
│  │      │      │        │廠除外）    │場、廢料堆置或處│
│  │      │      │        │            │理場、廢棄物處理│
│  │      │      │        │            │場及其他經地方主│
│  │      │      │        │            │管建築機關認定之│
│  │      │      │        │            │建築物，其總樓地│
│  │      │      │        │            │板面積在一五○平│
│  │      │      │        │            │方公尺以上者。  │
├─┼───┼───┼────┼──────┼────────┤
│Ｄ│休閒、│全部  │三層以上│二○○○...

【Agent 查閱文獻 2：okf_knowledge\建築技術規則建築設計施工編\第三章_建築物之防火\第三節_防火構造\第72條.md】
---
title: ""第72條""
law: ""建築技術規則建築設計施工編""
chapter: ""第三章 建築物之防火""
section: ""第三節 防火構造""
related_articles: []
---
# 第72條

具有二小時以上防火時效之牆壁、樑、柱、樓地板，應依左列規定：
一、牆壁：
（一）鋼筋混凝土造或鋼骨鋼筋混凝土造厚度在十公分以上，且鋼骨混凝土造之混凝土保護層厚度在三公分以上者。
（二）鋼骨造而雙面覆以鐵絲網水泥粉刷，其單面厚度在四公分以上，或雙面覆以磚、石或空心磚，其單面厚度在五公分以上者。但用以保護鋼骨構造之鐵絲網水泥砂漿保護層應將非不燃材料部分之厚度扣除。
（三）木絲水泥板二面各粉以厚度一公分以上之水泥砂漿，板壁總厚度在八公分以上者。
（四）以高溫高壓蒸氣保養製造之輕質泡沫混凝土板，其厚度在七‧五公分以上者。
（五）中空鋼筋混凝土版，中間填以泡沫混凝土等其總厚度在十二公分以上，且單邊之版厚在五公分以上者。
（六）其他經中央主管建築機關認可具有同等以上之防火性能。
二、柱：短邊寬二十五公分以上，並符合左列規定者：
（一）鋼筋混凝土造鋼骨鋼筋混凝土造。
（二）鋼骨混凝土造之混凝土保護層厚度在五公分以上者。
（三）經中央主管建築機關認可具有同等以上之防火性能者。
三、樑：
（一）鋼筋混凝土造或鋼骨鋼筋混凝土造。
（二）鋼骨混凝土造之混凝土保護層厚度在五公分以上者。
（三）鋼骨造覆以鐵絲網水泥粉刷其厚度在六公分以上（使用輕骨材時為五公分）以上，或覆以磚、石或空心磚，其厚度在七公分以上者（水泥空心磚使用輕質骨材得時為六公分）。
（四）其他經中央主管建築機關認可具有同等以上之防火性能者。
四、樓地板：
（一）鋼筋混凝土造或鋼骨鋼筋混凝土造厚度在十公分以上者。
（二）鋼骨造而雙面覆以鐵絲網水泥粉刷或混凝土，其單面厚度在五公分以上者。但用以保護鋼鐵之鐵絲網水泥砂漿保護層應將非不燃材料部分扣除。
（三）其他經中央主管建築機關認可具有同等以上之防火性能者。
...",19.1,建築物應自基地境界線（後側及兩側）退縮留設淨寬1.5公尺以上的防火間隔。,根據上下文，未明確提及外牆為「木造者」的特殊規定。但一般非防火構造建築物應自基地境界線（後側及兩側）退縮留設淨寬1.5公尺以上的防火間隔，且距境界線3公尺範圍內之建築物外牆應具有半小時以上的防火時效。,與相鄰基地境界線之距離必須「超過6公尺」。因為非防火構造建築物外牆原則上須使用不燃材料，若要合法使用木造（非不燃材料），必須退縮留設超過6公尺的防火間隔，方能豁免該材料限制。
防火構造建築物內之特別安全梯，其樓梯間之牆壁應具有幾小時以上的防火時效？,"安全梯之構造，依下列規定：
一、室內安全梯之構造：
（一）安全梯間四周牆壁除外牆依前章規定外，應具有一小時以上防火時效，天花板及牆面之裝修材料並以耐燃一級材料為限。
（二）進入安全梯之出入口，應裝設具有一小時以上防火時效及半小時以上阻熱性且具有遮煙性能之防火門，並不得設置門檻；其寬度不得小於九十公分。
（三）安全梯間應設有緊急電源之照明設備，其開設採光用之向外窗戶或開口者，應與同幢建築物之其他窗戶或開口相距九十公分以上。
二、戶外安全梯之構造：
（一）安全梯間四週之牆壁除外牆依前章規定外，應具有一小時以上之防火時效。
（二）安全梯與建築物任一開口間之距離，除至安全梯之防火門外，不得小於二公尺。但開口面積在一平方公尺以內，並裝置具有半小時以上之防火時效之防火設備者，不在此限。
（三）出入口應裝設具有一小時以上防火時效且具有半小時以上阻熱性之防火門，並不得設置門檻，其寬度不得小於九十公分。但以室外走廊連接安全梯者，其出入口得免裝設防火門。
（四）對外開口面積（非屬開設窗戶部分）應在二平方公尺以上。
三、特別安全梯之構造：
（一）樓梯間及排煙室之四週牆壁除外牆依前章規定外，應具有一小時以上防火時效，其天花板及牆面之裝修，應為耐燃一級材料。管道間之維修孔，並不得開向樓梯間。
（二）樓梯間及排煙室，應設有緊急電源之照明設備。其開設採光用固定窗戶或在陽臺外牆開設之開口，除開口面積在一平方公尺以內並裝置具有半小時以上之防火時效之防火設備者，應與其他開口相距九十公分以上。
（三）自室內通陽臺或進入排煙室之出入口，應裝設具有一小時以上防火時效及半小時以上阻熱性之防火門，自陽臺或排煙室進入樓梯間之出入口應裝設具有半小時以上防火時效之防火門。
（四）樓梯間與排煙室或陽臺之間所開設之窗戶應為固定窗。
（五）建築物達十五層以上或地下層三層以下者，各樓層之特別安全梯，如供建築物使用類組A-1、B-1、B-2、B-3、D-1或D-2組使用者，其樓梯間與排煙室或樓梯間與陽臺之面積，不得小於各該層居室樓地板面積百分之五；如供其他使用，不得小於各該層居室樓地板面積百分之三。
安全梯之樓梯間於避難層之出入口，應裝設具一小時防火時效之防火門。
建築物各棟設置之安全梯，應至少有一座於各樓層僅設一處出入口且不得直接連接居室。
---
高層建築物應設置二座以上之特別安全梯並應符合二方向避難原則。二座特別安全梯應在不同平面位置，其排煙室並不得共用。
高層建築物連接特別安全梯間之走廊應以具有一小時以上防火時效之牆壁、防火門窗等防火設備及該樓層防火構造之樓地板自成一個獨立之防火區劃。
高層建築物通達地板面高度五十公尺以上或十六層以上樓層之直通樓梯，均應為特別安全梯，且通達地面以上樓層與通達地面以下樓層之梯間不得直通。",0.066,"【實體原文 - 具有一小時以上防火時效之牆壁】
地下建築物與建築物地下層連接時，其連接部分應以具有一小時以上防火時效之牆壁、防火門窗等防火設備及該處防火構造之樓地板予以區劃分隔，並應設置可通達地面道路或永久性空地之安全梯。但連接部分已設有符合本章規定之直通樓梯者，不在此限。
---
超過一層之地下建築物，其樓梯、昇降機道、管道及其他類似部分，與其他部分之間，應以具有一小時以上防火時效之牆壁、防火門窗等防火設備予以區劃分隔。樓梯、昇降機道裝設之防火設備並應具有遮煙性能。管道間之維修門應具有一小時以上防火時效及遮煙性能。
前項昇降機道前設有昇降機間且併同區劃者，昇降機間出入口裝設具有遮煙性能之防火設備時，昇降機道出入口得免受應裝設具遮煙性能防火設備之限制；昇降機間出入口裝設之門非防火設備但開啟後能自動關閉且具有遮煙性能時，昇降機道出入口之防火設備得免受應具遮煙性能之限制。
---
高層建築物昇降機道併同昇降機間應以具有一小時以上防火時效之牆壁、防火門窗等防火設備及該處防火構造之樓地板自成一個獨立之防火區劃。昇降機間出入口裝設之防火設備應具有遮煙性能。連接昇降機間之走廊，應以具有一小時以上防火時效之牆壁、防火門窗等防火設備及該層防火構造之樓地板自成一個獨立之防火區劃。
【實體原文 - 以具有一小時以上防火時效之牆壁區劃】
非防火構造之連棟式建築物，其建築面積超過三○○平方公尺且屋頂為木造等可燃材料建造之屋架時，應在長度每十五公尺範圍內以具有一小時以上防火時效之牆壁區劃之，並應突出建築物外牆面五十公分以上。但與其交接處之外牆面長度有九十公分以上，且該外牆構造具有與防火區劃之牆壁同等以上防火時效者，得免突出。
【實體原文 - 具有二小時以上防火時效之牆壁】
地下建築物應設置中央管理室，各管理室間應設置相互連絡之設備。
前項中央管理室，應設置專用直通樓梯，與其他部分之間並應以具有二小時以上防火時效之牆壁、防火門窗等防火設備及該處防火構造之樓地板區劃分隔。",0.066,"【Agent 查閱文獻 1：okf_knowledge\建築技術規則建築設計施工編\第四章_防火避難設施及消防設備\第一節_出入口_走廊_樓梯\第97條.md】
---
title: ""第97條""
law: ""建築技術規則建築設計施工編""
chapter: ""第四章 防火避難設施及消防設備""
section: ""第一節 出入口、走廊、樓梯""
related_articles: []
---
# 第97條

安全梯之構造，依下列規定：
一、室內安全梯之構造：
（一）安全梯間四周牆壁除外牆依前章規定外，應具有一小時以上防火時效，天花板及牆面之裝修材料並以耐燃一級材料為限。
（二）進入安全梯之出入口，應裝設具有一小時以上防火時效及半小時以上阻熱性且具有遮煙性能之防火門，並不得設置門檻；其寬度不得小於九十公分。
（三）安全梯間應設有緊急電源之照明設備，其開設採光用之向外窗戶或開口者，應與同幢建築物之其他窗戶或開口相距九十公分以上。
二、戶外安全梯之構造：
（一）安全梯間四週之牆壁除外牆依前章規定外，應具有一小時以上之防火時效。
（二）安全梯與建築物任一開口間之距離，除至安全梯之防火門外，不得小於二公尺。但開口面積在一平方公尺以內，並裝置具有半小時以上之防火時效之防火設備者，不在此限。
（三）出入口應裝設具有一小時以上防火時效且具有半小時以上阻熱性之防火門，並不得設置門檻，其寬度不得小於九十公分。但以室外走廊連接安全梯者，其出入口得免裝設防火門。
（四）對外開口面積（非屬開設窗戶部分）應在二平方公尺以上。
三、特別安全梯之構造：
（一）樓梯間及排煙室之四週牆壁除外牆依前章規定外，應具有一小時以上防火時效，其天花板及牆面之裝修，應為耐燃一級材料。管道間之維修孔，並不得開向樓梯間。
（二）樓梯間及排煙室，應設有緊急電源之照明設備。其開設採光用固定窗戶或在陽臺外牆開設之開口，除開口面積在一平方公尺以內並裝置具有半小時以上之防火時效之防火設備者，應與其他開口相距九十公分以上。
（三）自室內通陽臺或進入排煙室之出入口，應裝設具有一小時以上防火時效及半小時以上阻熱性之防火門，自陽臺或排煙室進入樓梯間之出入口應裝設具有半小時以上防火時效之防火門。
（四）樓梯間與排煙室或陽臺之間所開設之窗戶應為固定窗。
（五）建築物達十五層以上或地下層三層以下者，各樓層之特別安全梯，如供建築物使用類組A-1、B-1、B-2、B-3、D-1或D-2組使用者，其樓梯間與排煙室或樓梯間與陽臺之面積，不得小於各該層居室樓地板面積百分之五；如供其他使用，不得小於各該層居室樓地板面積百分之三。
安全梯之樓梯間於避難層之出入口，應裝設具一小時防火時效之防火門。
建築物各棟設置之安全梯，應至少有一座於各樓層僅設一處出入口且不得直接連接居室。
...

【Agent 查閱文獻 2：okf_knowledge\建築技術規則建築設計施工編\第三章_建築物之防火\第三節_防火構造\第72條.md】
---
title: ""第72條""
law: ""建築技術規則建築設計施工編""
chapter: ""第三章 建築物之防火""
section: ""第三節 防火構造""
related_articles: []
---
# 第72條

具有二小時以上防火時效之牆壁、樑、柱、樓地板，應依左列規定：
一、牆壁：
（一）鋼筋混凝土造或鋼骨鋼筋混凝土造厚度在十公分以上，且鋼骨混凝土造之混凝土保護層厚度在三公分以上者。
（二）鋼骨造而雙面覆以鐵絲網水泥粉刷，其單面厚度在四公分以上，或雙面覆以磚、石或空心磚，其單面厚度在五公分以上者。但用以保護鋼骨構造之鐵絲網水泥砂漿保護層應將非不燃材料部分之厚度扣除。
（三）木絲水泥板二面各粉以厚度一公分以上之水泥砂漿，板壁總厚度在八公分以上者。
（四）以高溫高壓蒸氣保養製造之輕質泡沫混凝土板，其厚度在七‧五公分以上者。
（五）中空鋼筋混凝土版，中間填以泡沫混凝土等其總厚度在十二公分以上，且單邊之版厚在五公分以上者。
（六）其他經中央主管建築機關認可具有同等以上之防火性能。
二、柱：短邊寬二十五公分以上，並符合左列規定者：
（一）鋼筋混凝土造鋼骨鋼筋混凝土造。
（二）鋼骨混凝土造之混凝土保護層厚度在五公分以上者。
（三）經中央主管建築機關認可具有同等以上之防火性能者。
三、樑：
（一）鋼筋混凝土造或鋼骨鋼筋混凝土造。
（二）鋼骨混凝土造之混凝土保護層厚度在五公分以上者。
（三）鋼骨造覆以鐵絲網水泥粉刷其厚度在六公分以上（使用輕骨材時為五公分）以上，或覆以磚、石或空心磚，其厚度在七公分以上者（水泥空心磚使用輕質骨材得時為六公分）。
（四）其他經中央主管建築機關認可具有同等以上之防火性能者。
四、樓地板：
（一）鋼筋混凝土造或鋼骨鋼筋混凝土造厚度在十公分以上者。
（二）鋼骨造而雙面覆以鐵絲網水泥粉刷或混凝土，其單面厚度在五公分以上者。但用以保護鋼鐵之鐵絲網水泥砂漿保護層應將非不燃材料部分扣除。
（三）其他經中央主管建築機關認可具有同等以上之防火性能者。
...",18.3,其樓梯間及排煙室的四週牆壁應具有一小時以上的防火時效。,上下文中缺乏明確針對「特別安全梯」樓梯間牆壁防火時效的直接規定，僅提及地下建築物之樓梯、昇降機道與其他部分之間，應以具有一小時以上防火時效之牆壁等防火設備區劃分隔，以及高層建築物昇降機道併同昇降機間應以一小時以上防火時效之牆壁區劃。,應具有 1 小時以上的防火時效。
停車空間單車道寬度至少應為多少公尺？雙車道寬度至少應為多少公尺？,"停車空間及其應留設供汽車進出用之車道，規定如下：
一、每輛停車位為寬二點五公尺，長五點五公尺。但停車位角度在三十度以下者，停車位長度為六公尺。大客車每輛停車位為寬四公尺，長十二點四公尺。
二、設置於室內之停車位，其五分之一車位數，每輛停車位寬度得寬減二十公分。但停車位長邊鄰接牆壁者，不得寬減，且寬度寬減之停車位不得連續設置。
三、機械停車位每輛為寬二點五公尺，長五點五公尺，淨高一點八公尺以上。但不供乘車人進出使用部分，寬得為二點二公尺，淨高為一點六公尺以上。
四、設置汽車昇降機，應留設寬三點五公尺以上、長五點七公尺以上之昇降機道。
五、基地面積在一千五百平方公尺以上者，其設於地面層以外樓層之停車空間應設汽車車道（坡道）。
六、車道供雙向通行且服務車位數未達五十輛者，得為單車道寬度；五十輛以上者，自第五十輛車位至汽車進出口及汽車進出口至道路間之通路寬度，應為雙車道寬度。但汽車進口及出口分別設置且供單向通行者，其進口及出口得為單車道寬度。
七、實施容積管制地區，每輛停車空間（不含機械式停車空間）換算容積之樓地板面積，最大不得超過四十平方公尺。
前項機械停車設備之規範，由內政部另定之。
---
車道之寬度、坡度及曲線半徑應依下列規定：
一、車道之寬度：
（一）單車道寬度應為三點五公尺以上。
（二）雙車道寬度應為五點五公尺以上。
（三）停車位角度超過六十度者，其停車位前方應留設深六公尺，寬五公尺以上之空間。
二、車道坡度不得超過一比六，其表面應用粗面或其他不滑之材料。
三、車道之內側曲線半徑應為五公尺以上。",0.064,"【實體原文 - 雙車道】
車道之寬度、坡度及曲線半徑應依下列規定：
一、車道之寬度：
（一）單車道寬度應為三點五公尺以上。
（二）雙車道寬度應為五點五公尺以上。
（三）停車位角度超過六十度者，其停車位前方應留設深六公尺，寬五公尺以上之空間。
二、車道坡度不得超過一比六，其表面應用粗面或其他不滑之材料。
三、車道之內側曲線半徑應為五公尺以上。
【實體原文 - 道路寬度應為十五公尺以上】
本節所列建築物基地之面前道路寬度與臨接長度依左列規定：
一、觀眾席地板合計面積未達一、○○○平方公尺者，道路寬度應為十二公尺以上。觀眾席樓地板合計面積在一、○○○平方公尺以上者，道路寬度應為十五公尺以上。
二、基地臨接前款規定道路之長度不得小於左列規定：
（一）應為該基地周長六分之一以上。
（二）觀眾席樓地板合計面積未達二○○平方公尺者，應為十五公尺以上，超過二○○平方公尺未達六○○平方公尺每十平方公尺或其零數應增加三十四公分，超過六○○平方公尺部份每十平方公尺或其零數應增加十七公分。
三、基地除臨接第一款規定之道路外，其他兩側以上臨接寬四公尺以上之道路或廣場、公園、綠地或於基地內兩側以上留設寬四公尺且淨高三公尺以上之通路，前款規定之長度按十分之八計算。
四、建築物內有二種以上或一種而有二家以上之使用者，其在地面層之主要出入口應依本章第一二二條規定留設空地或門廳。
[第61條] 雙車道 -寬度應為-> 五點五公尺以上
【實體原文 - 道路寬度應為十二公尺以上】
本節所列建築物基地之面前道路寬度與臨接長度依左列規定：
一、觀眾席地板合計面積未達一、○○○平方公尺者，道路寬度應為十二公尺以上。觀眾席樓地板合計面積在一、○○○平方公尺以上者，道路寬度應為十五公尺以上。
二、基地臨接前款規定道路之長度不得小於左列規定：
（一）應為該基地周長六分之一以上。
（二）觀眾席樓地板合計面積未達二○○平方公尺者，應為十五公尺以上，超過二○○平方公尺未達六○○平方公尺每十平方公尺或其零數應增加三十四公分，超過六○○平方公尺部份每十平方公尺或其零數應增加十七公分。
三、基地除臨接第一款規定之道路外，其他兩側以上臨接寬四公尺以上之道路或廣場、公園、綠地或於基地內兩側以上留設寬四公尺且淨高三公尺以上之通路，前款規定之長度按十分之八計算。
四、建築物內有二種以上或一種而有二家以上之使用者，其在地面層之主要出入口應依本章第一二二條規定留設空地或門廳。",0.067,"【Agent 查閱文獻 1：okf_knowledge\建築技術規則建築設計施工編\第二章_一般設計通則\第十四節_停車空間\第60條.md】
---
title: ""第60條""
law: ""建築技術規則建築設計施工編""
chapter: ""第二章 一般設計通則""
section: ""第十四節 停車空間""
related_articles: []
---
# 第60條

停車空間及其應留設供汽車進出用之車道，規定如下：
一、每輛停車位為寬二點五公尺，長五點五公尺。但停車位角度在三十度以下者，停車位長度為六公尺。大客車每輛停車位為寬四公尺，長十二點四公尺。
二、設置於室內之停車位，其五分之一車位數，每輛停車位寬度得寬減二十公分。但停車位長邊鄰接牆壁者，不得寬減，且寬度寬減之停車位不得連續設置。
三、機械停車位每輛為寬二點五公尺，長五點五公尺，淨高一點八公尺以上。但不供乘車人進出使用部分，寬得為二點二公尺，淨高為一點六公尺以上。
四、設置汽車昇降機，應留設寬三點五公尺以上、長五點七公尺以上之昇降機道。
五、基地面積在一千五百平方公尺以上者，其設於地面層以外樓層之停車空間應設汽車車道（坡道）。
六、車道供雙向通行且服務車位數未達五十輛者，得為單車道寬度；五十輛以上者，自第五十輛車位至汽車進出口及汽車進出口至道路間之通路寬度，應為雙車道寬度。但汽車進口及出口分別設置且供單向通行者，其進口及出口得為單車道寬度。
七、實施容積管制地區，每輛停車空間（不含機械式停車空間）換算容積之樓地板面積，最大不得超過四十平方公尺。
前項機械停車設備之規範，由內政部另定之。
...

【Agent 查閱文獻 2：okf_knowledge\建築技術規則建築設計施工編\第二章_一般設計通則\第十四節_停車空間\第59條.md】
---
title: ""第59條""
law: ""建築技術規則建築設計施工編""
chapter: ""第二章 一般設計通則""
section: ""第十四節 停車空間""
related_articles: []
---
# 第59條

建築物新建、改建、變更用途或增建部分，依都市計畫法令或都市計畫書之規定，設置停車空間。其未規定者，依下表規定。
┌─┬──────────┬────────┬────────┐
│類│建築物用途          │都市計畫內區域  │都市計畫外區域  │
│別│                    ├───┬────┼───┬────┤  
│  │                    │樓地板│設置標準│樓地板│設置標準│  
│  │                    │面積  │        │面積  │        │  
├─┼──────────┼───┼────┼───┼────┤
│第│戲院、電影院、歌廳、│三百平│免設。  │三百平│免設。  │
│一│國際觀光旅館、演藝場│方公尺│        │方公尺│        │
│類│、集會堂、舞廳、夜總│以下部│        │以下部│        │
│  │會、視聽伴唱遊藝場、│分。  │        │分。  │        │
│  │遊藝場、酒家、展覽場│      │        │      │        │
│  │、辦公室、金融業、市├───┼────┼───┼────┤
│  │場、商場、餐廳、飲食│超過三│每一百五│超過三│每二百五│
│  │店、店鋪、俱樂部、撞│百平方│十平方公│百平方│十平方公│
│  │球場、理容業、公共浴│公尺部│尺設置一│公尺部│尺設置一│
│  │室、旅遊及運輸業、攝│分。  │輛。    │分。  │輛。    │
│  │影棚等類似用途建築物│      │        │      │        │
│  │。                  │      │        │      │        │
├─┼──────────┼───┼────┼───┼────┤
│第│住宅、集合住宅等居住│五百平│免設。  │五百平│免設。  │
│二│用途建築物。        │方公尺│        │方公尺│        │
│類│                    │以下部│        │以下部│        │
│  │                    │分。  │        │分。  │        │
│  │                    ├───┼────┼───┼────┤
│  │                    ...",26.0,單車道寬度至少應為3.5公尺以上，雙車道寬度至少應為5.5公尺以上。,從上下文可知：單車道寬度應為3.5公尺以上；雙車道寬度應為5.5公尺以上。,停車空間單車道寬度至少應為 3.5 公尺，雙車道寬度至少應為 5.5 公尺。
某建商想在基地內設置一條「私設通路」，該私設通路是否計入法定空地？如果該通路與道路交叉，是否需要截角？,"私設通路長度自建築線起算未超過三十五公尺部分，得計入法定空地面積。
---
前條建築物之面前道路寬度，除本編第一百二十一條及第一百二十九條另有規定者外，應依下列規定。基地臨接二條以上道路，供特定建築物使用之主要出入口應臨接合於本章規定寬度之道路：
一、集會堂、戲院、電影院、酒家、夜總會、歌廳、舞廳、酒吧、加油站、汽車站房、汽車商場、批發市場等建築物，應臨接寬十二公尺以上之道路。
二、其他建築物應臨接寬八公尺以上之道路。但前款用途以外之建築物臨接之面前道路寬度不合本章規定者，得按規定寬度自建築線退縮後建築。退縮地不得計入法定空地面積，且不得於退縮地內建造圍牆、排水明溝及其他雜項工作物。
三、建築基地未臨接道路，且供第一款用途以外之建築物使用者，得以私設通路連接道路，該道路及私設通路寬度均合於本條之規定者，該私設通路視為該建築基地之面前道路，且私設通路所占面積不得計入法定空地面積。
前項面前道路寬度，經直轄市、縣（市）政府審查同意者，得不受前項、本編第一百二十一條及第一百二十九條之限制。
---
基地內各幢建築物間及建築物至建築線間之通路，得計入法定空地面積。
基地內通路之寬度不得小於左列標準，但以基地內通路為進出道路之建築物，其總樓地板面積合計在一、○○○平方公尺以上者，通路寬度為六公尺。
一、長度未滿十公尺者為二公尺。
二、長度在十公尺以上未滿二十公尺者為三公尺。
三、長度在二十公尺以上者為五公尺。
基地內通路為連通建築線者，得穿越同一基地建築物之地面層，穿越之深度不得超過十五公尺，淨寬並應依前項寬度之規定，淨高至少三公尺，其穿越法定騎樓者，淨高不得少於法定騎樓之高度。該穿越部份得不計入樓地板面積。
第一項基地內通路之長度，自建築線起算計量至建築物最遠一處之出入口或共同出入口。",0.072,"[第2條] 私設通路 -淨高至少-> 三公尺
【實體原文 - 私设通路】
私設通路為單向出口，且長度超過三十五公尺者，應設置汽車迴車道；迴車道視為該通路之一部份，其設置標準依左列規定：
一、迴車道可採用圓形、方形或丁形。
二、通路與迴車道交叉口截角長度為四公尺，未達四公尺者以其最大截角長度為準。
三、截角為三角形，應為等腰三角形；截角為圓弧，其截角長度即為該弧之切線長。
前項私設通路寬度在九公尺以上，或通路確因地形無法供車輛通行者，得免設迴車道。
[第2條] 私設通路 -穿越之深度不得超過-> 十五公尺
[第2條] 私設通路 -不得小於-> 法定騎樓之高度
【實體原文 - 可臨接寬四公尺以上之道路或廣場、公園、綠地或於基地內兩側以上留設寬四公尺且淨高三公尺以上之通路】
本節所列建築物基地之面前道路寬度與臨接長度依左列規定：
一、觀眾席地板合計面積未達一、○○○平方公尺者，道路寬度應為十二公尺以上。觀眾席樓地板合計面積在一、○○○平方公尺以上者，道路寬度應為十五公尺以上。
二、基地臨接前款規定道路之長度不得小於左列規定：
（一）應為該基地周長六分之一以上。
（二）觀眾席樓地板合計面積未達二○○平方公尺者，應為十五公尺以上，超過二○○平方公尺未達六○○平方公尺每十平方公尺或其零數應增加三十四公分，超過六○○平方公尺部份每十平方公尺或其零數應增加十七公分。
三、基地除臨接第一款規定之道路外，其他兩側以上臨接寬四公尺以上之道路或廣場、公園、綠地或於基地內兩側以上留設寬四公尺且淨高三公尺以上之通路，前款規定之長度按十分之八計算。
四、建築物內有二種以上或一種而有二家以上之使用者，其在地面層之主要出入口應依本章第一二二條規定留設空地或門廳。
[第2條] 私設通路 -寬度為-> 六公尺
[第3-1條] 私设通路 -宽度-> 超过九公尺
【實體原文 - 私設通路】
基地應與建築線相連接，其連接部份之最小長度應在二公尺以上。基地內私設通路之寬度不得小於左列標準：
一、長度未滿十公尺者為二公尺。
二、長度在十公尺以上未滿二十公尺者為三公尺。
三、長度大於二十公尺為五公尺。
四、基地內以私設通路為進出道路之建築物總樓地板面積合計在一、○○○平方公尺以上者，通路寬度為六公尺。
五、前款私設通路為連通建築線，得穿越同一基地建築物之地面層；穿越之深度不得超過十五公尺；該部份淨寬並應依前四款規定，淨高至少三公尺，且不得小於法定騎樓之高度。
前項通路長度，自建築線起算計量至建築物最遠一處之出入口或共同入口。
---
私設通路為單向出口，且長度超過三十五公尺者，應設置汽車迴車道；迴車道視為該通路之一部份，其設置標準依左列規定：
一、迴車道可採用圓形、方形或丁形。
二、通路與迴車道交叉口截角長度為四公尺，未達四公尺者以其最大截角長度為準。
三、截角為三角形，應為等腰三角形；截角為圓弧，其截角長度即為該弧之切線長。
前項私設通路寬度在九公尺以上，或通路確因地形無法供車輛通行者，得免設迴車道。
[第3-1條] 私設通路 -長度-> 超過三十五公尺
[第2條] 私設通路 -寬度不得小於-> 五公尺
[第2條] 私設通路 -寬度不得小於-> 二公尺
[第3-1條] 私設通路 -應設置-> 汽車迴車道
[第3-1條] 私设通路 -因地形无法供车辆通行-> 得免设回车道",0.075,"【Agent 查閱文獻 1：okf_knowledge\建築技術規則建築設計施工編\第一章_用語定義\第1條.md】
---
chapter: 第一章 用語定義
law: 建築技術規則建築設計施工編
related_articles:
- 第九十五條
- 第十一條
- 第四十二條
- 第九十條
section: ''
summary: 定義了建築技術規則中的關鍵術語及其計算方法，如建築面積、建蔽率、建築物高度等。
tags: 建築面積, 建蔽率, 建筑物高度, 基地面積, 楼层高度
title: 第1條
---
# 第1條

本編建築技術用語，其他各編得適用，其定義如下：
一、一宗土地：本法第十一條所稱一宗土地，指一幢或二幢以上有連帶使用性之建築物所使用之建築基地。但建築基地為道路、鐵路或永久性空地等分隔者，不視為同一宗土地。
二、建築基地面積：建築基地（以下簡稱基地）之水平投影面積。
三、建築面積：建築物外牆中心線或其代替柱中心線以內之最大水平投影面積。但電業單位規定之配電設備及其防護設施、地下層突出基地地面未超過一點二公尺或遮陽板有二分之一以上為透空，且其深度在二點零公尺以下者，不計入建築面積；陽臺、屋簷及建築物出入口雨遮突出建築物外牆中心線或其代替柱中心線超過二點零公尺，或雨遮、花臺突出超過一點零公尺者，應自其外緣分別扣除二點零公尺或一點零公尺作為中心線；每層陽臺面積之和，以不超過建築面積八分之一為限，其未達八平方公尺者，得建築八平方公尺。
四、建蔽率：建築面積占基地面積之比率。
五、樓地板面積：建築物各層樓地板或其一部分，在該區劃中心線以內之水平投影面積。但不包括第三款不計入建築面積之部分。
六、觀眾席樓地板面積：觀眾席位及縱、橫通道之樓地板面積。但不包括吸煙室、放映室、舞臺及觀眾席外面二側及後側之走廊面積。
七、總樓地板面積：建築物各層包括地下層、屋頂突出物及夾層等樓地板面積之總和。
八、基地地面：基地整地完竣後，建築物外牆與地面接觸最低一側之水平面；基地地面高低相差超過三公尺，以每相差三公尺之水平面為該部分基地地面。
九、建築物高度：自基地地面計量至建築物最高部分之垂直高度。但屋頂突出物或非平屋頂建築物之屋頂，自其頂點往下垂直計量之高度應依下列規定，且不計入建築物高度：
（一）第十款第一目之屋頂突出物高度在六公尺以內或有昇降機設備通達屋頂之屋頂突出物高度在九公尺以內，且屋頂突出物水平投影面積之和，除高層建築物以不超過建築面積百分之十五外，其餘以不超過建築面積百分之十二點五為限，其未達二十五平方公尺者，得建築二十五平方公尺。
（二）水箱、水塔設於屋頂突出物上高度合計在六公尺以內或設於有昇降機設備通達屋頂之屋頂突出物高度在九公尺以內或設於屋頂面上高度在二點五公尺以內。
（三）女兒牆高度在一點五公尺以內。
（四）第十款第三目至第五目之屋頂突出物。
（五）非平屋頂建築物之屋頂斜率（高度與水平距離之比）在二分之一以下者。
（六）非平屋頂建築物之屋頂斜率（高度與水平距離之比...

【Agent 查閱文獻 2：okf_knowledge\建築技術規則建築設計施工編\第二章_一般設計通則\第一節_建築基地\第2條.md】
---
title: ""第2條""
law: ""建築技術規則建築設計施工編""
chapter: ""第二章 一般設計通則""
section: ""第一節 建築基地""
related_articles: []
---
# 第2條

基地應與建築線相連接，其連接部份之最小長度應在二公尺以上。基地內私設通路之寬度不得小於左列標準：
一、長度未滿十公尺者為二公尺。
二、長度在十公尺以上未滿二十公尺者為三公尺。
三、長度大於二十公尺為五公尺。
四、基地內以私設通路為進出道路之建築物總樓地板面積合計在一、○○○平方公尺以上者，通路寬度為六公尺。
五、前款私設通路為連通建築線，得穿越同一基地建築物之地面層；穿越之深度不得超過十五公尺；該部份淨寬並應依前四款規定，淨高至少三公尺，且不得小於法定騎樓之高度。
前項通路長度，自建築線起算計量至建築物最遠一處之出入口或共同入口。
...",25.2,若私設通路長度自建築線起算未超過35公尺部分得計入法定空地面積；若該私設通路被視為未臨接道路之建築基地的面前道路，則所占面積不得計入法定空地面積。關於通路與道路交叉是否需要截角，此段文本中未提及。,根據提供的上下文，未提及私設通路是否計入法定空地，也未說明其與「道路」交叉是否需要截角（僅規定通路與「迴車道」交叉口之截角長度為四公尺）。,"1. 關於法定空地：該私設通路長度自建築線起算「未超過35公尺」的部分，得計入法定空地面積。
2. 關於截角：該私設通路與道路的交叉口「免截角」。"
一棟 15 層樓的集合住宅，其內部設置的昇降機，是否必須包含「緊急用昇降機」？如果是，該機間的構造有何特殊防火與排煙要求？,"高層建築物地板面高度在五十公尺以上或十六層以上之樓層應設置緊急昇降機間，緊急用昇降機載重能力應達十七人（一千一百五十公斤）以上，其速度不得小於每分鐘六十公尺，且自避難層至最上層應在一分鐘內抵達為限。
---
昇降機之設置依下列規定：
一、六層以上之建築物，至少應設置一座以上之昇降機通達避難層。建築物高度超過十層樓，依本編第一百零六條規定，設置可供緊急用之昇降機。
二、機廂之面積超過一平方公尺或其淨高超過一點二公尺之昇降機，均依本規則之規定。但臨時用昇降機經主管建築機關認為其構造與安全無礙時，不在此限。
三、昇降機道之構造應依下列規定：
（一）昇降機道之出入口，周圍牆壁或其圍護物應以不燃材料建造，並應使機道外之人、物無法與機廂或平衡錘相接觸。
（二）機廂在每一樓層之出入口，不得超過二處。
（三）出入口之樓地板面邊緣與機廂地板邊緣應齊平，其水平距離在四公分以內。
四、其他設備及構造，應依建築設備編之規定。
本規則中華民國一百零二年一月一日修正生效前申請建造執照，並於興建完成後領得使用執照之五層以下建築物增設昇降機者，得依下列規定辦理：
一、不計入建築面積及各層樓地板面積。其增設之昇降機間及昇降機道於各層面積不得超過十二平方公尺，且昇降機道面積不得超過六平方公尺。
二、不受鄰棟間隔、前院、後院及開口距離有關規定之限制。
三、增設昇降機所需增加之屋頂突出物，其高度應依本編第一條第九款第一目規定設置。但投影面積不計入同目屋頂突出物水平投影面積之和。
四、住宅用途建築物各樓層樓梯間均設有緊急照明設備，且地上二層以上各樓層均依各類場所消防安全設備設置標準設置火警自動警報設備或依住宅用火災警報器設置辦法設置住宅用火災警報器，並符合下列各目情形之一者，其直通樓梯於避難層開向屋外之出入口寬度得減為七十五公分以上，不受本編第九十條第二款規定寬度之限制：
（一）地面層以上每樓層居室樓地板面積小於二百平方公尺。
（二）依本編第九十六條規定設置安全梯。
（三）樓梯牆面具有一小時以上防火時效，且各戶面向樓梯之開口裝設具有一小時以上防火時效及半小時以上阻熱性且具有遮煙性能之防火門窗。
本規則中華民國七十一年七月十五日修正生效前領得使用執照之六層以上且其總樓地板面積未達一千平方公尺之建築物增設昇降機者，得依前項規定辦理。
---
高層建築物昇降機道併同昇降機間應以具有一小時以上防火時效之牆壁、防火門窗等防火設備及該處防火構造之樓地板自成一個獨立之防火區劃。昇降機間出入口裝設之防火設備應具有遮煙性能。連接昇降機間之走廊，應以具有一小時以上防火時效之牆壁、防火門窗等防火設備及該層防火構造之樓地板自成一個獨立之防火區劃。",0.08,"【實體原文 - 在一、五○○平方公尺以下時至少設置一座緊急用昇降機】
依本編第五十五條規定應設置之緊急用昇降機，其設置標準依左列規定：
一、建築物高度超過十層樓以上部分之最大一層樓地板面積，在一、五○○平方公尺以下者，至少應設置一座：超過一、五○○平方公尺時，每達三、○○○平方公尺，增設一座。
二、左列建築物不受前款之限制：
（一）超過十層樓之部分為樓梯間、昇降機間、機械室、裝飾塔、屋頂窗及其他類似用途之建築物。
（二）超過十層樓之各層樓地板面積之和未達五○○平方公尺者。
[第244條] 緊急用昇降機 -速度不得小於-> 每分鐘六十公尺
【實體原文 - 緊急用昇降機】
依本編第五十五條規定應設置之緊急用昇降機，其設置標準依左列規定：
一、建築物高度超過十層樓以上部分之最大一層樓地板面積，在一、五○○平方公尺以下者，至少應設置一座：超過一、五○○平方公尺時，每達三、○○○平方公尺，增設一座。
二、左列建築物不受前款之限制：
（一）超過十層樓之部分為樓梯間、昇降機間、機械室、裝飾塔、屋頂窗及其他類似用途之建築物。
（二）超過十層樓之各層樓地板面積之和未達五○○平方公尺者。
---
高層建築物地板面高度在五十公尺以上或十六層以上之樓層應設置緊急昇降機間，緊急用昇降機載重能力應達十七人（一千一百五十公斤）以上，其速度不得小於每分鐘六十公尺，且自避難層至最上層應在一分鐘內抵達為限。
[第106條] 緊急用昇降機 -應設置-> 建築物高度超過十層樓以上部分
[第244條] 緊急用昇降機 -載重能力應達-> 一千一百五十公斤以上
[第244條] 緊急用昇降機 -自避難層至最上層應在-> 一分鐘內抵達
【實體原文 - 可供紧急使用的升降机】
昇降機之設置依下列規定：
一、六層以上之建築物，至少應設置一座以上之昇降機通達避難層。建築物高度超過十層樓，依本編第一百零六條規定，設置可供緊急用之昇降機。
二、機廂之面積超過一平方公尺或其淨高超過一點二公尺之昇降機，均依本規則之規定。但臨時用昇降機經主管建築機關認為其構造與安全無礙時，不在此限。
三、昇降機道之構造應依下列規定：
（一）昇降機道之出入口，周圍牆壁或其圍護物應以不燃材料建造，並應使機道外之人、物無法與機廂或平衡錘相接觸。
（二）機廂在每一樓層之出入口，不得超過二處。
（三）出入口之樓地板面邊緣與機廂地板邊緣應齊平，其水平距離在四公分以內。
四、其他設備及構造，應依建築設備編之規定。
本規則中華民國一百零二年一月一日修正生效前申請建造執照，並於興建完成後領得使用執照之五層以下建築物增設昇降機者，得依下列規定辦理：
一、不計入建築面積及各層樓地板面積。其增設之昇降機間及昇降機道於各層面積不得超過十二平方公尺，且昇降機道面積不得超過六平方公尺。
二、不受鄰棟間隔、前院、後院及開口距離有關規定之限制。
三、增設昇降機所需增加之屋頂突出物，其高度應依本編第一條第九款第一目規定設置。但投影面積不計入同目屋頂突出物水平投影面積之和。
四、住宅用途建築物各樓層樓梯間均設有緊急照明設備，且地上二層以上各樓層均依各類場所消防安全設備設置標準設置火警自動警報設備或依住宅用火災警報器設置辦法設置住宅用火災警報器，並符合下列各目情形之一者，其直通樓梯於避難層開向屋外之出入口寬度得減為七十五公分以上，不受本編第九十條第二款規定寬度之限制：
（一）地面層以上每樓層居室樓地板面積小於二百平方公尺。
（二）依本編第九十六條規定設置安全梯。
（三）樓梯牆面具有一小時以上防火時效，且各戶面向樓梯之開口裝設具有一小時以上防火時效及半小時以上阻熱性且具有遮煙性能之防火門窗。
本規則中華民國七十一年七月十五日修正生效前領得使用執照之六層以上且其總樓地板面積未達一千平方公尺之建築物增設昇降機者，得依前項規定辦理。",0.081,"【Agent 查閱文獻 1：okf_knowledge\建築技術規則建築設計施工編\第四章_防火避難設施及消防設備\第四節_緊急用昇降機\第107條.md】
---
title: ""第107條""
law: ""建築技術規則建築設計施工編""
chapter: ""第四章 防火避難設施及消防設備""
section: ""第四節 緊急用昇降機""
related_articles: []
---
# 第107條

緊急用昇降機之構造除本編第二章第十二節及建築設備編對昇降機有關機廂、昇降機道、機械間安全裝置、結構計算等之規定外，並應依下列規定：
一、機間：
（一）除避難層、集合住宅採取複層式構造者其無出入口之樓層及整層非供居室使用之樓層外，應能連通每一樓層之任何部分。
（二）四周應為具有一小時以上防火時效之牆壁及樓板，其天花板及牆裝修，應使用耐燃一級材料。
（三）出入口應為具有一小時以上防火時效之防火門。除開向特別安全梯外，限設一處，且不得直接連接居室。
（四）應設置排煙設備。
（五）應有緊急電源之照明設備並設置消防栓、出水口、緊急電源插座等消防設備。
（六）每座昇降機間之樓地板面積不得小於十平方公尺。
（七）應於明顯處所標示昇降機之活載重及最大容許乘座人數，避難層之避難方向、通道等有關避難事項，並應有可照明此等標示以及緊急電源之標示燈。
二、機間在避難層之位置，自昇降機出口或昇降機間之出入口至通往戶外出入口之步行距離不得大於三十公尺。戶外出入口並應臨接寬四公尺以上之道路或通道。
三、昇降機道應每二部昇降機以具有一小時以上防火時效之牆壁隔開。但連接機間之出入口部分及連接機械間之鋼索、電線等周圍，不在此限。
四、應有能使設於各層機間及機廂內之昇降控制裝置暫時停止作用，並將機廂呼返避難層或其直上層、下層之特別呼返裝置，並設置於避難層或其直上層或直下層等機間內，或該大樓之集中管理室（或防災中心）內。
五、應設有連絡機廂與管理室（或防災中心）間之電話系統裝置。
六、應設有使機廂門維持開啟狀態仍能昇降之裝置。
七、整座電梯應連接至緊急電源。
八、昇降速度每分鐘不得小於六十公尺。
...

【Agent 查閱文獻 2：okf_knowledge\建築技術規則建築設計施工編\第四章_防火避難設施及消防設備\第四節_緊急用昇降機\第106條.md】
---
title: ""第106條""
law: ""建築技術規則建築設計施工編""
chapter: ""第四章 防火避難設施及消防設備""
section: ""第四節 緊急用昇降機""
related_articles: [""第五十五條""]
---
# 第106條

依本編第五十五條規定應設置之緊急用昇降機，其設置標準依左列規定：
一、建築物高度超過十層樓以上部分之最大一層樓地板面積，在一、五○○平方公尺以下者，至少應設置一座：超過一、五○○平方公尺時，每達三、○○○平方公尺，增設一座。
二、左列建築物不受前款之限制：
（一）超過十層樓之部分為樓梯間、昇降機間、機械室、裝飾塔、屋頂窗及其他類似用途之建築物。
（二）超過十層樓之各層樓地板面積之和未達五○○平方公尺者。
...",28.4,是的，建築物高度超過十層樓必須依規定設置可供緊急用之昇降機。其機間的防火與排煙要求為：昇降機道併同昇降機間及連接之走廊，應以具一小時以上防火時效之牆壁、防火門窗及樓地板自成一個獨立的防火區劃，且機間出入口裝設的防火設備必須具有遮煙性能。,根據上下文，15層樓的集合住宅（高度超過十層樓）必須設置緊急用昇降機。至於其機間的構造，上下文中僅提及昇降機道之出入口、周圍牆壁或其圍護物應以不燃材料建造，並未具體說明緊急用機間的特殊防火與排煙要求。,"1. **是，必須設置。** 依據第55條規定，15層樓的集合住宅高度超過十層樓，必須設置可供緊急用之昇降機。
2. **特殊防火要求**（依據第107條）：
   - **機間防火構造**：四周應為具有一小時以上防火時效的牆壁及樓板，天花板及牆面裝修應使用耐燃一級材料。
   - **出入口防火門**：出入口應設置具有一小時以上防火時效的防火門；除開向特別安全梯外，限設一處，且不得直接連接居室。
   - **昇降機道防護**：昇降機道應每二部昇降機以具有一小時以上防火時效的牆壁隔開。
3. **特殊排煙要求**（依據第107條）：
   - **機間排煙**：機間內必須設置排煙設備。"
建築物的「避難層」通常是指具有出入口通達地面或道路之樓層，但如果該建築物設有地下室（例如作為商場），該地下室直通樓梯的總寬度是否有特殊規定？,"直通樓梯於避難層開向屋外之出入口，應依左列規定：
一、六層以上，或建築物使用類組為Ａ、Ｂ、Ｄ、Ｅ、Ｆ、Ｇ類及Ｈ－１組用途使用之樓地板面積合計超過五○○平方公尺者，除其直通樓梯於避難層之出入口直接開向道路或避難用通路者外，應在避難層之適當位置，開設二處以上不同方向之出入口。其中至少一處應直接通向道路，其他各處可開向寬一‧五公尺以上之避難通路，通路設有頂蓋者，其淨高不得小於三公尺，並應接通道路。
二、直通樓梯於避難層開向屋外之出入口，寬度不得小於一‧二公尺，高度不得小於一‧八公尺。
---
直通樓梯每一座之寬度依本編第三十三條規定，且其總寬度不得小於左列規定：
一、供商場使用者，以該建築物各層中任一樓層（不包括避難層）商場之最大樓地板面積每一○○平方公尺寬六十公分之計算值，並以避難層為分界，分別核計其直通樓梯總寬度。
二、建築物用途類組為Ａ－１組者，按觀眾席面積每十平方公尺寬十公分之計算值，且其二分之一寬度之樓梯出口，應設置在戶外出入口之近旁。
三、一幢建築物於不同之樓層供二種不同使用，直通樓梯總寬度應逐層核算，以使用較嚴（最嚴）之樓層為計算標準。但距離避難層遠端之樓層所核算之總寬度小於近端之樓層總寬度者，得分層核算直通樓梯總寬度，且核算後距避難層近端樓層之總寬度不得小於遠端樓層之總寬度。同一樓層供二種以上不同使用，該樓層之直通樓梯寬度應依前二款規定分別計算後合計之。
---
昇降機之設置依下列規定：
一、六層以上之建築物，至少應設置一座以上之昇降機通達避難層。建築物高度超過十層樓，依本編第一百零六條規定，設置可供緊急用之昇降機。
二、機廂之面積超過一平方公尺或其淨高超過一點二公尺之昇降機，均依本規則之規定。但臨時用昇降機經主管建築機關認為其構造與安全無礙時，不在此限。
三、昇降機道之構造應依下列規定：
（一）昇降機道之出入口，周圍牆壁或其圍護物應以不燃材料建造，並應使機道外之人、物無法與機廂或平衡錘相接觸。
（二）機廂在每一樓層之出入口，不得超過二處。
（三）出入口之樓地板面邊緣與機廂地板邊緣應齊平，其水平距離在四公分以內。
四、其他設備及構造，應依建築設備編之規定。
本規則中華民國一百零二年一月一日修正生效前申請建造執照，並於興建完成後領得使用執照之五層以下建築物增設昇降機者，得依下列規定辦理：
一、不計入建築面積及各層樓地板面積。其增設之昇降機間及昇降機道於各層面積不得超過十二平方公尺，且昇降機道面積不得超過六平方公尺。
二、不受鄰棟間隔、前院、後院及開口距離有關規定之限制。
三、增設昇降機所需增加之屋頂突出物，其高度應依本編第一條第九款第一目規定設置。但投影面積不計入同目屋頂突出物水平投影面積之和。
四、住宅用途建築物各樓層樓梯間均設有緊急照明設備，且地上二層以上各樓層均依各類場所消防安全設備設置標準設置火警自動警報設備或依住宅用火災警報器設置辦法設置住宅用火災警報器，並符合下列各目情形之一者，其直通樓梯於避難層開向屋外之出入口寬度得減為七十五公分以上，不受本編第九十條第二款規定寬度之限制：
（一）地面層以上每樓層居室樓地板面積小於二百平方公尺。
（二）依本編第九十六條規定設置安全梯。
（三）樓梯牆面具有一小時以上防火時效，且各戶面向樓梯之開口裝設具有一小時以上防火時效及半小時以上阻熱性且具有遮煙性能之防火門窗。
本規則中華民國七十一年七月十五日修正生效前領得使用執照之六層以上且其總樓地板面積未達一千平方公尺之建築物增設昇降機者，得依前項規定辦理。",0.088,"【實體原文 - 避難層以外之樓層】
倉庫或儲藏空間設於避難層以外之樓層者，應設置專用載貨昇降機。
【實體原文 - 直通樓梯於避難層開向屋外之出入口】
直通樓梯於避難層開向屋外之出入口，應依左列規定：
一、六層以上，或建築物使用類組為Ａ、Ｂ、Ｄ、Ｅ、Ｆ、Ｇ類及Ｈ－１組用途使用之樓地板面積合計超過五○○平方公尺者，除其直通樓梯於避難層之出入口直接開向道路或避難用通路者外，應在避難層之適當位置，開設二處以上不同方向之出入口。其中至少一處應直接通向道路，其他各處可開向寬一‧五公尺以上之避難通路，通路設有頂蓋者，其淨高不得小於三公尺，並應接通道路。
二、直通樓梯於避難層開向屋外之出入口，寬度不得小於一‧二公尺，高度不得小於一‧八公尺。
[第90條] 直通樓梯於避難層開向屋外之出入口 -高度不得小於-> 一‧八公尺
[第90條] 直通樓梯於避難層開向屋外之出入口 -寬度不得小於-> 一‧二公尺
【實體原文 - 可通達戶外空地之出入口、樓梯或寬一公尺以上之避難用通道】
戲院及演藝場之舞台面積在三○○平方公尺以上者，其構造依左列規定：
一、舞台開口之四周應設置防火牆，舞台開口之頂部與觀眾席之分界處應設置防火構造壁梁通達屋頂或樓板。
二、舞台下及舞台各側之其他各室均應為防火構造或以不燃材料所建造。
三、舞台上方應設置自動撒水或噴霧泡沬等滅火設備及有效之排煙設備。
四、自舞台及舞台各側之其他各室應設有可通達戶外空地之出入口、樓梯或寬一公尺以上之避難用通道。
[第90條] 直通樓梯於避難層開向屋外之出入口 -應依規定-> 在避難層之適當位置，開設二處以上不同方向之出入口",0.091,"【Agent 查閱文獻 1：okf_knowledge\建築技術規則建築設計施工編\第十一章_地下建築物\第一節_一般設計通則\第181條.md】
---
title: ""第181條""
law: ""建築技術規則建築設計施工編""
chapter: ""第十一章 地下建築物""
section: ""第一節 一般設計通則""
related_articles: [""第二百零六條"", ""第一百零二條"", ""第二百零一條""]
---
# 第181條

建築物非經當地主管建築機關會同有關機關認定有公益需要、無安全顧慮且其構造、設備應符合本章規定者，不得與基地外之地下建築物、地下運輸系統設施連接。
前項以地下通道直接連接者，該建築物地面以下之部分及地下通道適用本章規定。但以緩衝區間接連接，並符合下列規定者，不在此限：
一、緩衝區與連接之地下建築物、地下運輸系統及建築物之地下層間應以具有一小時以上防火時效之牆壁、防火門窗等防火設備及該層防火構造之樓地板區劃分隔，防火門窗等防火設備應具有一小時以上之阻熱性，其內部裝修材料應為耐燃一級材料，且設有通風管道時，其通風管道不得同時貫穿緩衝區與二側建築物之防火區劃。
二、連接緩衝區二側之連接出入口，總寬度均應在三公尺以上，六公尺以下，且任一出入口淨寬度不得小於一點五公尺。連接出入口應設置具有一小時以上防火時效及阻熱性之防火門窗等防火設備，非連接出入口部分不得以防火門窗取代防火區劃牆。
三、緩衝區連接地下建築物、地下運輸系統之出入口防火門窗應為常時開放式，且應裝設利用煙感應器連動或其他方法控制之自動關閉裝置，並應與所連接地下建築物、地下運輸系統及建築物之中央管理室或防災中心連動監控，使能於災害發生時自動關閉。
四、緩衝區之面積：
A≧W1^2+W2^2
A ：緩衝區之面積（平方公尺），專用直通樓梯面積不得計入。
W1：緩衝區與地下建築物或地下運輸系統連接部分之出入口總寬度（公尺）。
W2：緩衝區與建築物地下層連接部分之出入口總寬度（公尺）。
五、緩衝區設置之專用直通樓梯寬度不得小於地下建築物或地下運輸系統連接緩衝區連接出入口總寬度之二分之一，專用直通樓梯分開設置時，其樓梯寬度得合併計算。
六、緩衝區面積之百分之三十以上應挑空至地面層。地面層挑空上方設有頂蓋者，其頂蓋距地面之淨高應在三公尺以上，且其地面以上立面之透空部份應在立面周圍面積三分之一以上。但緩衝區設置水平挑空空間確有困難者，得設置符合本編第一百零二條規定之進風排煙設備，並適用兼用排煙室之相關規定。
七、以緩衝區連接之建築物地下層當層設有燃氣設備及鍋爐設備者，應依本編第二百零一條第二項辦理；瓦斯供氣設備並依本編第二百零六條規定辦理。
八、利用緩衝區與地下建築物或地下運輸系統連接之原有建築物未設置中央管理室或防災中心者，應增設之。
九、緩衝區所連接之建築物及地下建築物或地下運輸系統之中央管理室或防災中心監控，其監控項目應依本規則相關規定設置。雙方之中央管理室或防災中心應設置，專用電話或對講裝置並連接緊急電源，供互相連絡。
十、緩衝區...

【Agent 查閱文獻 2：okf_knowledge\建築技術規則建築設計施工編\第一章_用語定義\第1條.md】
---
chapter: 第一章 用語定義
law: 建築技術規則建築設計施工編
related_articles:
- 第九十五條
- 第十一條
- 第四十二條
- 第九十條
section: ''
summary: 定義了建築技術規則中的關鍵術語及其計算方法，如建築面積、建蔽率、建築物高度等。
tags: 建築面積, 建蔽率, 建筑物高度, 基地面積, 楼层高度
title: 第1條
---
# 第1條

本編建築技術用語，其他各編得適用，其定義如下：
一、一宗土地：本法第十一條所稱一宗土地，指一幢或二幢以上有連帶使用性之建築物所使用之建築基地。但建築基地為道路、鐵路或永久性空地等分隔者，不視為同一宗土地。
二、建築基地面積：建築基地（以下簡稱基地）之水平投影面積。
三、建築面積：建築物外牆中心線或其代替柱中心線以內之最大水平投影面積。但電業單位規定之配電設備及其防護設施、地下層突出基地地面未超過一點二公尺或遮陽板有二分之一以上為透空，且其深度在二點零公尺以下者，不計入建築面積；陽臺、屋簷及建築物出入口雨遮突出建築物外牆中心線或其代替柱中心線超過二點零公尺，或雨遮、花臺突出超過一點零公尺者，應自其外緣分別扣除二點零公尺或一點零公尺作為中心線；每層陽臺面積之和，以不超過建築面積八分之一為限，其未達八平方公尺者，得建築八平方公尺。
四、建蔽率：建築面積占基地面積之比率。
五、樓地板面積：建築物各層樓地板或其一部分，在該區劃中心線以內之水平投影面積。但不包括第三款不計入建築面積之部分。
六、觀眾席樓地板面積：觀眾席位及縱、橫通道之樓地板面積。但不包括吸煙室、放映室、舞臺及觀眾席外面二側及後側之走廊面積。
七、總樓地板面積：建築物各層包括地下層、屋頂突出物及夾層等樓地板面積之總和。
八、基地地面：基地整地完竣後，建築物外牆與地面接觸最低一側之水平面；基地地面高低相差超過三公尺，以每相差三公尺之水平面為該部分基地地面。
九、建築物高度：自基地地面計量至建築物最高部分之垂直高度。但屋頂突出物或非平屋頂建築物之屋頂，自其頂點往下垂直計量之高度應依下列規定，且不計入建築物高度：
（一）第十款第一目之屋頂突出物高度在六公尺以內或有昇降機設備通達屋頂之屋頂突出物高度在九公尺以內，且屋頂突出物水平投影面積之和，除高層建築物以不超過建築面積百分之十五外，其餘以不超過建築面積百分之十二點五為限，其未達二十五平方公尺者，得建築二十五平方公尺。
（二）水箱、水塔設於屋頂突出物上高度合計在六公尺以內或設於有昇降機設備通達屋頂之屋頂突出物高度在九公尺以內或設於屋頂面上高度在二點五公尺以內。
（三）女兒牆高度在一點五公尺以內。
（四）第十款第三目至第五目之屋頂突出物。
（五）非平屋頂建築物之屋頂斜率（高度與水平距離之比）在二分之一以下者。
（六）非平屋頂建築物之屋頂斜率（高度與水平距離之比...",16.3,是的，供商場使用者，其直通樓梯總寬度應以避難層為分界，分別核計。核計標準為：以該建築物各層（不包括避難層）商場之最大樓地板面積，每100平方公尺寬60公分來計算總寬度。,上下文中缺乏關於「地下室直通樓梯的總寬度」的特殊規定，僅提及直通樓梯於避難層開向屋外之出入口，寬度不得小於1.2公尺、高度不得小於1.8公尺。,"是的，有特殊規定。根據《建築技術規則建築設計施工編》，地下室作為商場時的直通樓梯總寬度有以下規範：
1. **獨立核計**（第98條）：直通樓梯的總寬度必須「以避難層為分界，分別核計」。
2. **無分間牆之加嚴規定**（第91條）：如果該地下室商場直接以直通樓梯作為進出口，地面層以下（地下室）的樓層，其核算基準較地面層以上嚴格，必須將原本的每100平方公尺寬27公分「增為36公分」。"
某一般辦公大樓（非高層建築物）屋頂設有水塔、樓梯間與突出屋面的管道間。這些突出物的投影面積總和最多不能超過建築面積的百分之幾？,"本編建築技術用語，其他各編得適用，其定義如下：
一、一宗土地：本法第十一條所稱一宗土地，指一幢或二幢以上有連帶使用性之建築物所使用之建築基地。但建築基地為道路、鐵路或永久性空地等分隔者，不視為同一宗土地。
二、建築基地面積：建築基地（以下簡稱基地）之水平投影面積。
三、建築面積：建築物外牆中心線或其代替柱中心線以內之最大水平投影面積。但電業單位規定之配電設備及其防護設施、地下層突出基地地面未超過一點二公尺或遮陽板有二分之一以上為透空，且其深度在二點零公尺以下者，不計入建築面積；陽臺、屋簷及建築物出入口雨遮突出建築物外牆中心線或其代替柱中心線超過二點零公尺，或雨遮、花臺突出超過一點零公尺者，應自其外緣分別扣除二點零公尺或一點零公尺作為中心線；每層陽臺面積之和，以不超過建築面積八分之一為限，其未達八平方公尺者，得建築八平方公尺。
四、建蔽率：建築面積占基地面積之比率。
五、樓地板面積：建築物各層樓地板或其一部分，在該區劃中心線以內之水平投影面積。但不包括第三款不計入建築面積之部分。
六、觀眾席樓地板面積：觀眾席位及縱、橫通道之樓地板面積。但不包括吸煙室、放映室、舞臺及觀眾席外面二側及後側之走廊面積。
七、總樓地板面積：建築物各層包括地下層、屋頂突出物及夾層等樓地板面積之總和。
八、基地地面：基地整地完竣後，建築物外牆與地面接觸最低一側之水平面；基地地面高低相差超過三公尺，以每相差三公尺之水平面為該部分基地地面。
九、建築物高度：自基地地面計量至建築物最高部分之垂直高度。但屋頂突出物或非平屋頂建築物之屋頂，自其頂點往下垂直計量之高度應依下列規定，且不計入建築物高度：
（一）第十款第一目之屋頂突出物高度在六公尺以內或有昇降機設備通達屋頂之屋頂突出物高度在九公尺以內，且屋頂突出物水平投影面積之和，除高層建築物以不超過建築面積百分之十五外，其餘以不超過建築面積百分之十二點五為限，其未達二十五平方公尺者，得建築二十五平方公尺。
（二）水箱、水塔設於屋頂突出物上高度合計在六公尺以內或設於有昇降機設備通達屋頂之屋頂突出物高度在九公尺以內或設於屋頂面上高度在二點五公尺以內。
（三）女兒牆高度在一點五公尺以內。
（四）第十款第三目至第五目之屋頂突出物。
（五）非平屋頂建築物之屋頂斜率（高度與水平距離之比）在二分之一以下者。
（六）非平屋頂建築物之屋頂斜率（高度與水平距離之比）超過二分之一者，應經中央主管建築機關核可。
十、屋頂突出物：突出於屋面之附屬建築物及雜項工作物：
（一）樓梯間、昇降機間、無線電塔及機械房。
（二）水塔、水箱、女兒牆、防火牆。
（三）雨水貯留利用系統設備、淨水設備、露天機電設備、煙囪、避雷針、風向器、旗竿、無線電桿及屋脊裝飾物。
（四）突出屋面之管道間、採光換氣或再生能源使用等節能設施。
（五）突出屋面之三分之一以上透空遮牆、三分之二以上透空立體構架供景觀造型、屋頂綠化等公益及綠建築設施，其投影面積不計入第九款第一目屋頂突出物水平投影面積之和。但本目與第一目及第六目之屋頂突出物水平投影面積之和，以不超過建築面積百分之三十為限。
（六）其他經中央主管建築機關認可者。
十一、簷高：自基地地面起至建築物簷口底面或平屋頂底面之高度。
十二、地板面高度：自基地地面至地板面之垂直距離。
十三、樓層高度：自室內地板面至其直上層地板面之高度；最上層之高度，為至其天花板高度。但同一樓層之高度不同者，以其室內樓地板面積除該樓層容積之商，視為樓層高度。
十四、天花板高度：自室內地板面至天花板之高度，同一室內之天花板高度不同時，以其室內樓地板面積除室內容積之商作天花板高度。
十五、建築物層數：基地地面以上樓層數之和。但合於第九款第一目之規定者，不作為層數計算；建築物內層數不同者，以最多之層數作為該建築物層數。
十六、地下層：地板面在基地地面以下之樓層。但天花板高度有三分之二以上在基地地面上者，視為地面層。
十七、閣樓：在屋頂內之樓層，樓地板面積在該建築物建築面積三分之一以上時，視為另一樓層。
十八、夾層：夾於樓地板與天花板間之樓層；同一樓層內夾層面積之和，超過該層樓地板面積三分之一或一百平方公尺者，視為另一樓層。
十九、居室：供居住、工作、集會、娛樂、烹飪等使用之房間，均稱居室。門廳、走廊、樓梯間、衣帽間、廁所盥洗室、浴室、儲藏室、機械室、車庫等不視為居室。但旅館、住宅、集合住宅、寄宿舍等建築物其衣帽間與儲藏室面積之合計以不超過該層樓地板面積八分之一為原則。
二十、露臺及陽臺：直上方無任何頂遮蓋物之平臺稱為露臺，直上方有遮蓋物者稱為陽臺。
二十一、集合住宅：具有共同基地及共同空間或設備。並有三個住宅單位以上之建築物。
二十二、外牆：建築物外圍之牆壁。
二十三、分間牆：分隔建築物內部空間之牆壁。
二十四、分戶牆：分隔住宅單位與住宅單位或住戶與住戶或不同用途區劃間之牆壁。
二十五、承重牆：承受本身重量及本身所受地震、風力外並承載及傳導其他外壓力及載重之牆壁。
二十六、帷幕牆：構架構造建築物之外牆，除承載本身重量及其所受之地震、風力外，不再承載或傳導其他載重之牆壁。
二十七、耐水材料：磚、石料、人造石、混凝土、柏油及其製品、陶瓷品、玻璃、金屬材料、塑膠製品及其他具有類似耐水性之材料。
二十八、不燃材料：混凝土、磚或空心磚、瓦、石料、鋼鐵、鋁、玻璃、玻璃纖維、礦棉、陶瓷品、砂漿、石灰及其他經中央主管建築機關認定符合耐燃一級之不因火熱引起燃燒、熔化、破裂變形及產生有害氣體之材料。
二十九、耐火板：木絲水泥板、耐燃石膏板及其他經中央主管建築機關認定符合耐燃二級之材料。
三十、耐燃材料：耐燃合板、耐燃纖維板、耐燃塑膠板、石膏板及其他經中央主管建築機關認定符合耐燃三級之材料。
三十一、防火時效：建築物主要結構構件、防火設備及防火區劃構造遭受火災時可耐火之時間。
三十二、阻熱性：在標準耐火試驗條件下，建築構造當其一面受火時，能在一定時間內，其非加熱面溫度不超過規定值之能力。
三十三、防火構造：具有本編第三章第三節所定防火性能與時效之構造。
三十四、避難層：具有出入口通達基地地面或道路之樓層。
三十五、無窗戶居室：具有下列情形之一之居室：
（一）依本編第四十二條規定有效採光面積未達該居室樓地板面積百分之五者。
（二）可直接開向戶外或可通達戶外之有效防火避難構造開口，其高度未達一點二公尺，寬度未達七十五公分；如為圓型時直徑未達一公尺者。
（三）樓地板面積超過五十平方公尺之居室，其天花板或天花板下方八十公分範圍以內之有效通風面積未達樓地板面積百分之二者。
三十六、道路：指依都市計畫法或其他法律公布之道路（得包括人行道及沿道路邊綠帶）或經指定建築線之現有巷道。除另有規定外，不包括私設通路及類似通路。
三十七、類似通路：基地內具有二幢以上連帶使用性之建築物（包括機關、學校、醫院及同屬一事業體之工廠或其他類似建築物），各幢建築物間及建築物至建築線間之通路；類似通路視為法定空地，其寬度不限制。
三十八、私設通路：基地內建築物之主要出入口或共同出入口（共用樓梯出入口）至建築線間之通路；主要出入口不包括本編第九十條規定增設之出入口；共同出入口不包括本編第九十五條規定增設之樓梯出入口。私設通路與道路之交叉口，免截角。
三十九、直通樓梯：建築物地面以上或以下任一樓層可直接通達避難層或地面之樓梯（包括坡道）。
四十、永久性空地：指下列依法不得建築或因實際天然地形不能建築之土地（不包括道路）：
（一）都市計畫法或其他法律劃定並已開闢之公園、廣場、體育場、兒童遊戲場、河川、綠地、綠帶及其他類似之空地。
（二）海洋、湖泊、水堰、河川等。
（三）前二目之河川、綠帶等除夾於道路或二條道路中間者外，其寬度或寬度之和應達四公尺。
四十一、退縮建築深度：建築物外牆面自建築線退縮之深度；外牆面退縮之深度不等，以最小之深度為退縮建築深度。但第三款規定，免計入建築面積之陽臺、屋簷、雨遮及遮陽板，不在此限。
四十二、幢：建築物地面層以上結構獨立不與其他建築物相連，地面層以上其使用機能可獨立分開者。
四十三、棟：以具有單獨或共同之出入口並以無開口之防火牆及防火樓板區劃分開者。
四十四、特別安全梯：自室內經由陽臺或排煙室始得進入之安全梯。
四十五、遮煙性能：在常溫及中溫標準試驗條件下，建築物出入口裝設之一般門或區劃出入口裝設之防火設備，當其構造二側形成火災情境下之壓差時，具有漏煙通氣量不超過規定值之能力。
四十六、昇降機道：建築物供昇降機廂運行之垂直空間。
四十七、昇降機間：昇降機廂駐停於建築物各樓層時，供使用者進出及等待搭乘等之空間。
---
前條容積總樓地板面積依本編第一條第五款、第七款及下列規定計算之：
一、每層陽臺、屋簷突出建築物外牆中心線或柱中心線超過二公尺或雨遮、花臺突出超過一公尺者，應自其外緣分別扣除二公尺或一公尺作為中心線，計算該層樓地板面積。每層陽臺面積未超過該層樓地板面積之百分之十部分，得不計入該層樓地板面積。每層共同使用之樓梯間、昇降機間之梯廳，其淨深度不得小於二公尺；其梯廳面積未超過該層樓地板面積百分之十部分，得不計入該層樓地板面積。但每層陽臺面積與梯廳面積之和超過該層樓地板面積之百分之十五部分者，應計入該層樓地板面積；無共同使用梯廳之住宅用途使用者，每層陽臺面積之和，在該層樓地板面積百分之十二點五或未超過八平方公尺部分，得不計入容積總樓地板面積。
二、二分之一以上透空之遮陽板，其深度在二公尺以下者，或露臺或法定騎樓或本編第一條第九款第一目屋頂突出物或依法設置之防空避難設備、裝卸、機電設備、安全梯之梯間、緊急昇降機之機道、特別安全梯與緊急昇降機之排煙室及依公寓大廈管理條例規定之管理委員會使用空間，得不計入容積總樓地板面積。但機電設備空間、安全梯之梯間、緊急昇降機之機道、特別安全梯與緊急昇降機之排煙室及管理委員會使用空間面積之和，除依規定僅須設置一座直通樓梯之建築物，不得超過都市計畫法規及非都市土地使用管制規則規定該基地容積之百分之十外，其餘不得超過該基地容積之百分之十五。
三、建築物依都市計畫法令或本編第五十九條規定設置之停車空間、獎勵增設停車空間及未設置獎勵增設停車空間之自行增設停車空間，得不計入容積總樓地板面積。但面臨超過十二公尺道路之一棟一戶連棟建築物，除汽車車道外，其設置於地面層之停車空間，應計入容積總樓地板面積。
前項第二款之機電設備空間係指電氣、電信、燃氣、給水、排水、空氣調節、消防及污物處理等設備之空間。但設於公寓大廈專有部分或約定專用部分之機電設備空間，應計入容積總樓地板面積。",0.08,"【實體原文 - 屋頂突出物之高度】
適用本章之建築物，其容積樓地板面積、機電設備面積、屋頂突出物之計算，得依下列規定辦理：
一、建築基地因設置雨水貯留利用系統及生活雜排水回收再利用系統，所增加之設備空間，於樓地板面積容積千分之五以內者，得不計入容積樓地板面積及不計入機電設備面積。
二、建築物設置雨水貯留利用系統及生活雜排水回收再利用系統者，其屋頂突出物之高度得不受本編第一條第九款第一目之限制。但不超過九公尺。
[第300條] 屋頂突出物之高度 -不受-> 本編第一條第九款第一目之限制
【實體原文 - 該棟建築物五層以上最大樓地板面積三分之一】
建築物在五層以上之樓層供建築物使用類組Ａ－１、Ｂ－１及Ｂ－２組使用者，應依左列規定設置具有戶外安全梯或特別安全梯通達之屋頂避難平臺：
一、屋頂避難平臺應設置於五層以上之樓層，其面積合計不得小於該棟建築物五層以上最大樓地板面積二分之一。屋頂避難平臺任一邊邊長不得小於六公尺，分層設置時，各處面積均不得小於二百平方公尺，且其中一處面積不得小於該棟建築物五層以上最大樓地板面積三分之一。
二、屋頂避難平臺面積範圍內不得建造或設置妨礙避難使用之工作物或設施，且通達特別安全梯之最小寬度不得小於四公尺。
三、屋頂避難平臺之樓地板至少應具有一小時以上之防火時效。
四、與屋頂避難平臺連接之外牆應具有一小時以上防火時效，開設之門窗應具有半小時以上防火時效。
【實體原文 - 该层楼地板面积之百分之十五部分】
前條容積總樓地板面積依本編第一條第五款、第七款及下列規定計算之：
一、每層陽臺、屋簷突出建築物外牆中心線或柱中心線超過二公尺或雨遮、花臺突出超過一公尺者，應自其外緣分別扣除二公尺或一公尺作為中心線，計算該層樓地板面積。每層陽臺面積未超過該層樓地板面積之百分之十部分，得不計入該層樓地板面積。每層共同使用之樓梯間、昇降機間之梯廳，其淨深度不得小於二公尺；其梯廳面積未超過該層樓地板面積百分之十部分，得不計入該層樓地板面積。但每層陽臺面積與梯廳面積之和超過該層樓地板面積之百分之十五部分者，應計入該層樓地板面積；無共同使用梯廳之住宅用途使用者，每層陽臺面積之和，在該層樓地板面積百分之十二點五或未超過八平方公尺部分，得不計入容積總樓地板面積。
二、二分之一以上透空之遮陽板，其深度在二公尺以下者，或露臺或法定騎樓或本編第一條第九款第一目屋頂突出物或依法設置之防空避難設備、裝卸、機電設備、安全梯之梯間、緊急昇降機之機道、特別安全梯與緊急昇降機之排煙室及依公寓大廈管理條例規定之管理委員會使用空間，得不計入容積總樓地板面積。但機電設備空間、安全梯之梯間、緊急昇降機之機道、特別安全梯與緊急昇降機之排煙室及管理委員會使用空間面積之和，除依規定僅須設置一座直通樓梯之建築物，不得超過都市計畫法規及非都市土地使用管制規則規定該基地容積之百分之十外，其餘不得超過該基地容積之百分之十五。
三、建築物依都市計畫法令或本編第五十九條規定設置之停車空間、獎勵增設停車空間及未設置獎勵增設停車空間之自行增設停車空間，得不計入容積總樓地板面積。但面臨超過十二公尺道路之一棟一戶連棟建築物，除汽車車道外，其設置於地面層之停車空間，應計入容積總樓地板面積。
前項第二款之機電設備空間係指電氣、電信、燃氣、給水、排水、空氣調節、消防及污物處理等設備之空間。但設於公寓大廈專有部分或約定專用部分之機電設備空間，應計入容積總樓地板面積。",0.081,"【Agent 查閱文獻 1：okf_knowledge\建築技術規則建築設計施工編\第一章_用語定義\第1條.md】
---
chapter: 第一章 用語定義
law: 建築技術規則建築設計施工編
related_articles:
- 第九十五條
- 第十一條
- 第四十二條
- 第九十條
section: ''
summary: 定義了建築技術規則中的關鍵術語及其計算方法，如建築面積、建蔽率、建築物高度等。
tags: 建築面積, 建蔽率, 建筑物高度, 基地面積, 楼层高度
title: 第1條
---
# 第1條

本編建築技術用語，其他各編得適用，其定義如下：
一、一宗土地：本法第十一條所稱一宗土地，指一幢或二幢以上有連帶使用性之建築物所使用之建築基地。但建築基地為道路、鐵路或永久性空地等分隔者，不視為同一宗土地。
二、建築基地面積：建築基地（以下簡稱基地）之水平投影面積。
三、建築面積：建築物外牆中心線或其代替柱中心線以內之最大水平投影面積。但電業單位規定之配電設備及其防護設施、地下層突出基地地面未超過一點二公尺或遮陽板有二分之一以上為透空，且其深度在二點零公尺以下者，不計入建築面積；陽臺、屋簷及建築物出入口雨遮突出建築物外牆中心線或其代替柱中心線超過二點零公尺，或雨遮、花臺突出超過一點零公尺者，應自其外緣分別扣除二點零公尺或一點零公尺作為中心線；每層陽臺面積之和，以不超過建築面積八分之一為限，其未達八平方公尺者，得建築八平方公尺。
四、建蔽率：建築面積占基地面積之比率。
五、樓地板面積：建築物各層樓地板或其一部分，在該區劃中心線以內之水平投影面積。但不包括第三款不計入建築面積之部分。
六、觀眾席樓地板面積：觀眾席位及縱、橫通道之樓地板面積。但不包括吸煙室、放映室、舞臺及觀眾席外面二側及後側之走廊面積。
七、總樓地板面積：建築物各層包括地下層、屋頂突出物及夾層等樓地板面積之總和。
八、基地地面：基地整地完竣後，建築物外牆與地面接觸最低一側之水平面；基地地面高低相差超過三公尺，以每相差三公尺之水平面為該部分基地地面。
九、建築物高度：自基地地面計量至建築物最高部分之垂直高度。但屋頂突出物或非平屋頂建築物之屋頂，自其頂點往下垂直計量之高度應依下列規定，且不計入建築物高度：
（一）第十款第一目之屋頂突出物高度在六公尺以內或有昇降機設備通達屋頂之屋頂突出物高度在九公尺以內，且屋頂突出物水平投影面積之和，除高層建築物以不超過建築面積百分之十五外，其餘以不超過建築面積百分之十二點五為限，其未達二十五平方公尺者，得建築二十五平方公尺。
（二）水箱、水塔設於屋頂突出物上高度合計在六公尺以內或設於有昇降機設備通達屋頂之屋頂突出物高度在九公尺以內或設於屋頂面上高度在二點五公尺以內。
（三）女兒牆高度在一點五公尺以內。
（四）第十款第三目至第五目之屋頂突出物。
（五）非平屋頂建築物之屋頂斜率（高度與水平距離之比）在二分之一以下者。
（六）非平屋頂建築物之屋頂斜率（高度與水平距離之比...

【Agent 查閱文獻 2：okf_knowledge\建築技術規則建築設計施工編\第二章_一般設計通則\第二節_牆面線_建築物突出部份\第9條.md】
---
title: ""第9條""
law: ""建築技術規則建築設計施工編""
chapter: ""第二章 一般設計通則""
section: ""第二節 牆面線、建築物突出部份""
related_articles: [""第五十一條""]
---
# 第9條

依本法第五十一條但書規定可突出建築線之建築物，包括左列各項：
一、紀念性建築物：紀念碑、紀念塔、紀念銅像、紀念坊等。
二、公益上有必要之建築物：候車亭、郵筒、電話亭、警察崗亭等。
三、臨時性建築物：牌樓、牌坊、裝飾塔、施工架、棧橋等，短期內有需要而無礙交通者。
四、地面下之建築物、對公益上有必要之地下貫穿道等，但以不妨害地下公共設施之發展為限。
五、高架道路橋面下之建築物。
六、供公共通行上有必要之架空走廊，而無礙公共安全及交通者。
...",21.3,對於非高層建築物，此類屋頂突出物水平投影面積之和，最多不能超過建築面積的百分之十二點五（若加計特定透空遮牆或景觀綠化等設施，則合計不得超過建築面積百分之三十）。,上下文中未提供關於「屋頂突出物投影面積總和最多不能超過建築面積的百分之幾」的資訊，僅提及機電設備、安全梯等空間面積之和不得超過基地容積的百分之十或十五。,最多不能超過建築面積的 12.5%（百分之十二點五）。
有關防火區劃的規定，當連棟式建築物進行設計時，其「分戶牆」與「防火牆」在構造材質與防火時效上的要求有何核心差異？,"非防火構造之建築物，其主要構造為木造等可燃材料建造者，應按其總樓地板面積每五○○平方公尺，以具有一小時以上防火時效之牆壁予以區劃分隔。
前項之區劃牆壁應為獨立式構造，並應自地面層起，貫穿各樓層與屋頂，除該牆突出外牆及屋面五十公分以上者外，與該牆交接處之外牆及屋頂應有長度三．六公尺以上部分具有一小時以上防火時效且無開口，或雖有開口但裝設具有一小時以上防火時效之防火門窗等防火設備。區劃牆壁不得為無筋混凝土或磚石構造。
第一項之區劃牆壁上需設開口者，其寬度及高度不得大於二．五公尺，並應裝設具有一小時以上防火時效及阻熱性之防火門窗等防火設備。
---
非防火構造之連棟式建築物，其建築面積超過三○○平方公尺且屋頂為木造等可燃材料建造之屋架時，應在長度每十五公尺範圍內以具有一小時以上防火時效之牆壁區劃之，並應突出建築物外牆面五十公分以上。但與其交接處之外牆面長度有九十公分以上，且該外牆構造具有與防火區劃之牆壁同等以上防火時效者，得免突出。
---
分戶牆及分間牆構造依下列規定：
一、連棟式或集合住宅之分戶牆，應以具有一小時以上防火時效之牆壁及防火門窗等防火設備與該處之樓板或屋頂形成區劃分隔。
二、建築物使用類組為 A  類、D 類、B-1 組、B-2 組、B-4 組、F-1 組、H-1 組、總樓地板面積為三百平方公尺以上之 B-3  組及各級政府機關建築物，其各防火區劃內之分間牆應以不燃材料建造。但其分間牆上之門窗，不在此限。
三、建築物屬 F-1  組、F-2 組、H-1 組及 H-2  組之護理之家機構、老人福利機構、機構住宿式服務類長期照顧服務機構、社區式服務類長期照顧服務機構（團體家屋）、身心障礙福利機構及精神復健機構，其各防火區劃內之分間牆應以不燃材料建造，寢室之分間牆上之門窗應為不燃材料製造或具半小時以上防火時效，且不適用前款但書規定。
四、建築物使用類組為 B-3  組之廚房，應以具有一小時以上防火時效之牆壁及防火門窗等防火設備與該樓層之樓地板形成區劃，其天花板及牆面之裝修材料以耐燃一級材料為限，並依建築設備編第五章第三節規定。
五、其他經中央主管建築機關指定使用用途之建築物或居室，應以具有一小時防火時效之牆壁及防火門窗等防火設備與該樓層之樓地板形成區劃，裝修材料並以耐燃一級材料為限。
前項第三款門窗為具半小時以上防火時效者，得不受同編第七十六條第三款及第四款限制。",0.078,"【實體原文 - 以具有一小時以上防火時效之防火門、牆壁及樓地板與供住宅使用部分區劃分隔】
三層以上，五層以下防火構造之建築物，符合下列情形之一者，得免受前條第一項第一款限制：
一、僅供建築物使用類組 D-3、D-4 組或 H-2  組之住宅、集合住宅及農舍使用。
二、一棟一戶之連棟式住宅或獨棟住宅同時供其他用途使用，且屬非供公眾使用建築物。其供其他用途使用部分，為設於地面層及地上二層，且地上二層僅供D-5、G-2或G-3組使用，並以具有一小時以上防火時效之防火門、牆壁及樓地板與供住宅使用部分區劃分隔。
[第46-4條] 分戶牆 -應符合-> 規定
【實體原文 - 分戶牆】
分間牆、分戶牆、樓板或屋頂應為無空隙、無害於隔音之構造，牆壁應自樓板建築至上層樓板或屋頂，且整體構造應相同或由具同等以上隔音性能之構造組合而成。
管線貫穿分間牆、分戶牆或樓板造成空隙時，應於空隙處使用軟質填縫材進行密封填塞。
---
分戶牆之空氣音隔音構造，應符合下列規定之一：
一、鋼筋混凝土造或密度在二千三百公斤／立方公尺以上之無筋混凝土造，含粉刷總厚度在十五公分以上。
二、紅磚或其他密度在一千六百公斤／立方公尺以上之實心磚造，含粉刷總厚度在二十二公分以上。
三、輕型鋼骨架或木構骨架為底，兩面各覆以石膏板、水泥板、纖維水泥板、纖維強化水泥板、木質系水泥板、氧化鎂板或硬質纖維板，其板材總面密度在五十五公斤／平方公尺以上，板材間以密度在六十公斤／立方公尺以上，厚度在七點五公分以上之玻璃棉、岩棉或陶瓷棉填充，且牆總厚度在十二公分以上。
四、其他經中央主管建築機關認可具有空氣音隔音指標 Rw 在五十分貝以上之隔音性能，或取得內政部綠建材標章之高性能綠建材（隔音性）。
昇降機道與居室相鄰之分戶牆，其空氣音隔音構造，應依前條第二項規定設置。
[第46-2條] 分戶牆 -應為-> 無空隙、無害於隔音之構造
【實體原文 - 連棟住宅、集合住宅之分戶牆】
新建或增建建築物之空氣音隔音設計，其適用範圍如下：
一、寄宿舍、旅館等之臥室、客房或醫院病房之分間牆。
二、連棟住宅、集合住宅之分戶牆。
三、昇降機道與第一款建築物居室相鄰之分間牆，及與前款建築物居室相鄰之分戶牆。
四、第一款及第二款建築物置放機械設備空間與上層或下層居室分隔之樓板。
新建或增建建築物之樓板衝擊音隔音設計，其適用範圍如下：
一、連棟住宅、集合住宅之分戶樓板。
二、前款建築物昇降機房之樓板，及置放機械設備空間與下層居室分隔之樓板。",0.08,"【Agent 查閱文獻 1：okf_knowledge\建築技術規則建築設計施工編\第三章_建築物之防火\第四節_防火區劃\第86條.md】
---
title: ""第86條""
law: ""建築技術規則建築設計施工編""
chapter: ""第三章 建築物之防火""
section: ""第四節 防火區劃""
related_articles: [""第七十六條""]
---
# 第86條

分戶牆及分間牆構造依下列規定：
一、連棟式或集合住宅之分戶牆，應以具有一小時以上防火時效之牆壁及防火門窗等防火設備與該處之樓板或屋頂形成區劃分隔。
二、建築物使用類組為 A  類、D 類、B-1 組、B-2 組、B-4 組、F-1 組、H-1 組、總樓地板面積為三百平方公尺以上之 B-3  組及各級政府機關建築物，其各防火區劃內之分間牆應以不燃材料建造。但其分間牆上之門窗，不在此限。
三、建築物屬 F-1  組、F-2 組、H-1 組及 H-2  組之護理之家機構、老人福利機構、機構住宿式服務類長期照顧服務機構、社區式服務類長期照顧服務機構（團體家屋）、身心障礙福利機構及精神復健機構，其各防火區劃內之分間牆應以不燃材料建造，寢室之分間牆上之門窗應為不燃材料製造或具半小時以上防火時效，且不適用前款但書規定。
四、建築物使用類組為 B-3  組之廚房，應以具有一小時以上防火時效之牆壁及防火門窗等防火設備與該樓層之樓地板形成區劃，其天花板及牆面之裝修材料以耐燃一級材料為限，並依建築設備編第五章第三節規定。
五、其他經中央主管建築機關指定使用用途之建築物或居室，應以具有一小時防火時效之牆壁及防火門窗等防火設備與該樓層之樓地板形成區劃，裝修材料並以耐燃一級材料為限。
前項第三款門窗為具半小時以上防火時效者，得不受同編第七十六條第三款及第四款限制。
...

【Agent 查閱文獻 2：okf_knowledge\建築技術規則建築設計施工編\第三章_建築物之防火\第四節_防火區劃\第83條.md】
---
title: ""第83條""
law: ""建築技術規則建築設計施工編""
chapter: ""第三章 建築物之防火""
section: ""第四節 防火區劃""
related_articles: [""第七十九條""]
---
# 第83條

建築物自第十一層以上部分，除依第七十九條之二規定之垂直區劃外，應依左列規定區劃：
一、樓地板面積超過一○○平方公尺，應按每一○○平方公尺範圍內，以具有一小時以上防火時效之牆壁、防火門窗等防火設備與各該樓層防火構造之樓地板形成區劃分隔。但建築物使用類組Ｈ–２組使用者，區劃面積得增為二○○平方公尺。
二、自地板面起一‧二公尺以上之室內牆面及天花板均使用耐燃一級材料裝修者，得按每二○○平方公尺範圍內，以具有一小時以上防火時效之牆壁、防火門窗等防火設備與各該樓層防火構造之樓地板區劃分隔；供建築物使用類組Ｈ–２組使用者，區劃面積得增為四○○平方公尺。
三、室內牆面及天花板（包括底材）均以耐燃一級材料裝修者，得按每五○○平方公尺範圍內，以具有一小時以上防火時效之牆壁、防火門窗等防火設備與各該樓層防火構造之樓地板區劃分隔。
四、前三款區劃範圍內，如備有效自動滅火設備者得免計算其有效範圍樓地面板面積之二分之一。
五、第一款至第三款之防火門窗等防火設備應具有一小時以上之阻熱性。
...",15.4,根據文本，連棟式建築物的「分戶牆」應以具有一小時以上防火時效之牆壁及防火門窗等設備與樓板或屋頂形成區劃分隔。非防火構造的連棟式建築物，其長度每15公尺範圍內亦須以具一小時以上防火時效的牆壁區劃。文本中並未明確對比說明「防火牆」與「分戶牆」在構造材質與防火時效要求上的核心差異。,根據上下文，規定了「分戶牆」必須為無空隙、無害於隔音之構造，並詳細列出空氣音隔音構造的材質與厚度要求（如鋼筋混凝土造、實心磚造等）；但並未提及「防火牆」的構造材質與防火時效要求，因此無法從上下文中得知兩者的核心差異。,"針對連棟式建築物設計，「分戶牆」與「防火牆（區劃牆壁）」的核心差異如下：

1. **防火時效（無差異）**：兩者皆要求具備「一小時以上」的防火時效。
2. **構造形式與材質限制（核心差異）**：
   - **分戶牆（第86條）**：構造上僅要求與該處的樓板或屋頂形成區劃分隔即可，無特定的材質禁用規定，也無需突出建築物外牆。
   - **防火牆 / 區劃牆壁（第84條、第81條）**：有嚴格的空間延伸與材質限制。該牆體必須「突出建築物外牆面50公分以上」（或特定條件下免除）。若屬木造等非防火構造，其防火牆必須為「獨立式構造」，且嚴禁使用「無筋混凝土」或「磚石構造」。"
綜觀整部《建築設計施工編》，關於「高層建築物」在防災與逃生避難上的核心設計原則是什麼？請歸納出三個主要重點。,"防火構造建築物內之挑空部分、昇降階梯間、安全梯之樓梯間、昇降機道、垂直貫穿樓板之管道間及其他類似部分，應以具有一小時以上防火時效之牆壁、防火門窗等防火設備與該處防火構造之樓地板形成區劃分隔。昇降機道裝設之防火設備應具有遮煙性能。管道間之維修門並應具有一小時以上防火時效及遮煙性能。
前項昇降機道前設有昇降機間且併同區劃者，昇降機間出入口裝設具有遮煙性能之防火設備時，昇降機道出入口得免受應裝設具遮煙性能防火設備之限制；昇降機間出入口裝設之門非防火設備但開啟後能自動關閉且具有遮煙性能時，昇降機道出入口之防火設備得免受應具遮煙性能之限制。
挑空符合下列情形之一者，得不受第一項之限制：
一、避難層通達直上層或直下層之挑空、樓梯及其他類似部分，其室內牆面與天花板以耐燃一級材料裝修者。
二、連跨樓層數在三層以下，且樓地板面積在一千五百平方公尺以下之挑空、樓梯及其他類似部分。
第一項應予區劃之空間範圍內，得設置公共廁所、公共電話等類似空間，其牆面及天花板裝修材料應為耐燃一級材料。
---
高層建築物應依左列規定設置防災中心：
一、防災中心應設於避難層或其直上層或直下層。
二、樓地板面積不得小於四十平方公尺。
三、防災中心應以具有二小時以上防火時效之牆壁、防火門窗等防火設備及該層防火構造之樓地板予以區劃分隔，室內牆面及天花板（包括底材），以耐燃一級材料為限。
四、高層建築物左列各種防災設備，其顯示裝置及控制應設於防災中心：
（一）電氣、電力設備。
（二）消防安全設備。
（三）排煙設備及通風設備。
（四）昇降及緊急昇降設備。
（五）連絡通信及廣播設備。
（六）燃氣設備及使用導管瓦斯者，應設置之瓦斯緊急遮斷設備。
（七）其他之必要設備。
高層建築物高度達二十五層或九十公尺以上者，除應符合前項規定外，其防災中心並應具備防災、警報、通報、滅火、消防及其他必要之監控系統設備；其應具功能如左：
一、各種設備之記錄、監視及控制功能。
二、相關設備運動功能。
三、提供動態資料功能。
四、火災處理流程指導功能。
五、逃生引導廣播功能。
六、配合系統型式提供模擬之功能。
---
高層建築物之基礎應確定其於設計地震力、風力作用下不致上浮或傾斜。",0.076,"【實體原文 - 高層建築物結構】
高層建築物結構之細部設計應使構架具有所要求之強度及足夠之韌性，使用之構材及構架之力學特性，應經由實驗等證實，且在製作及施工上皆無問題者。柱之最小設計用剪力為長期軸壓力之百分之五以上。
【實體原文 - 高層建築物之防災設備】
高層建築物之防災設備所使用強弱電之電線電纜應採用強電三十分鐘、弱電十五分鐘以上防火時效之配線方式。
[第137條] 主要構造為防火構造 -則不需要-> 為防火建築物
[第239條] 高層建築物結構 -應使構架具有-> 所要求之強度及足夠之韌性
[第255條] 高層建築物之防災設備 -使用-> 強弱電之電線電纜
【實體原文 - 主要構造為防火構造】
車庫等之建築物構造除應依本編第六十九條附表第六類規定辦理外，凡有左列情形之一者，應為防火建築物：
一、車庫等設在避難層，其直上層樓地板面積超過一○○平方公尺者。但設在避難層之車庫其直上層樓地板面積在一○○平方公尺以下或其主要構造為防火構造，且與其他使用部份之間以防火樓板、防火牆以及甲種防火門區劃者不在此限。
二、設在避難層以外之樓層者。",0.068,"【Agent 查閱文獻 1：okf_knowledge\建築技術規則建築設計施工編\第十二章_高層建築物\第三節_防火避難設施\第241條.md】
---
title: ""第241條""
law: ""建築技術規則建築設計施工編""
chapter: ""第十二章 高層建築物""
section: ""第三節 防火避難設施""
related_articles: []
---
# 第241條

高層建築物應設置二座以上之特別安全梯並應符合二方向避難原則。二座特別安全梯應在不同平面位置，其排煙室並不得共用。
高層建築物連接特別安全梯間之走廊應以具有一小時以上防火時效之牆壁、防火門窗等防火設備及該樓層防火構造之樓地板自成一個獨立之防火區劃。
高層建築物通達地板面高度五十公尺以上或十六層以上樓層之直通樓梯，均應為特別安全梯，且通達地面以上樓層與通達地面以下樓層之梯間不得直通。
...

【Agent 查閱文獻 2：okf_knowledge\建築技術規則建築設計施工編\第十二章_高層建築物\第三節_防火避難設施\第243條.md】
---
title: ""第243條""
law: ""建築技術規則建築設計施工編""
chapter: ""第十二章 高層建築物""
section: ""第三節 防火避難設施""
related_articles: []
---
# 第243條

高層建築物地板面高度在五十公尺或樓層在十六層以上部分，除住宅、餐廳等係建築物機能之必要時外，不得使用燃氣設備。
高層建築物設有燃氣設備時，應將燃氣設備集中設置，並設置瓦斯漏氣自動警報設備，且與其他部分應以具一小時以上防火時效之牆壁、防火門窗等防火設備及該層防火構造之樓地板予以區劃分隔。
...",18.3,根據文本，三個主要重點為：1. 垂直空間的防火與遮煙區劃：挑空、樓梯間、管道間等須以一小時以上防火時效之設備進行區劃，且昇降設備須具遮煙性能。2. 設置防災中心：須設於避難層或相鄰樓層，具二小時防火時效，負責集中顯示與控制各類防災與警報設備。3. 基礎結構安全：基礎在設計地震力與風力作用下，必須確保不致發生上浮或傾斜。,根據上下文，關於高層建築物防災與避難的重點僅提供兩點：1. 結構設計應使構架具有所要求的強度及足夠韌性。2. 防災設備所使用的電線電纜，應採用強電三十分鐘、弱電十五分鐘以上防火時效的配線方式。第三個重點在上下文中缺乏資訊。,"綜觀《建築設計施工編》高層建築物專章，關於防災與逃生避難的核心設計原則可歸納為以下三個主要重點：

1. **二方向避難與逃生動線獨立防護**
2. **垂直管道與燃氣設備的嚴格防火區劃**
3. **設置緊急昇降機與集中指揮之防災中心**"
法規中對於「防空避難設備」的整體規範邏輯為何？主要是依據哪些參數（如面積、樓層、用途）來決定應附建的防空避難設備標準？,"凡經中央主管建築機關指定之適用地區，有新建、增建、改建或變更用途行為之建築物或供公眾使用之建築物，應依本編第一百四十一條附建基準之規定設置防空避難設備。但符合下列規定之一者不在此限：
一、建築物變更用途後應附建之基準與原用途相同或較寬者。
二、依本條指定為適用地區以前建造之建築物申請垂直方向增建者。
三、建築基地周圍一百五十公尺範圍內之地形，有可供全體人員避難使用之處所，經當地主管建築機關會同警察機關勘察屬實者。
四、其他特殊用途之建築物經中央主管建築機關核定者。
---
建築物附建防空避難設備之規定如下：
一、應按建築面積全部附建防空避難設備之建築物，因建築設備或結構上之原因，設置昇降機機道之緩衝基坑、機械室、電氣室、機器之基礎、蓄水池、污水處理設施、排水系統之截留器或分離器等固定設備設在地面以下部分及盥洗室，其所占面積不得超過附建避難設備面積四分之一。
二、進出口樓梯及機械停車設備所占面積不視為前款固定設備面積。
三、同時申請建照之建築物，其應附建之防空避難設備得集中附建。但建築物居室任一點至避難設備進出口之步行距離不得超過三百公尺。
四、建築基地如確因地質地形無法附建地下或半地下式避難設備者，或建築物因重機械設備或其他特殊情形附建地下室或半地下室確實有困難者，經當地主管建築機關審查或勘查屬實，得建築地面式避難設備。
五、供防空避難設備使用之樓地板面積達二百平方公尺者，以兼作停車空間為限；未達二百平方公尺者，得兼作他種用途使用，其使用限制由直轄市、縣（市）政府定之。
---
防空避難設備之附建基準依下列規定：
一、非供公眾使用之建築物，其層數在六層以上者，按建築面積全部附建。
二、供公眾使用之建築物：
（一）供戲院、電影院、歌廳、舞廳及演藝場等使用者，按建築面積全部附建。
（二）供學校使用之建築物，按其主管機關核定計畫容納使用人數每人一平方公尺計算，整體規劃附建防空避難設備。並應就實際情形於基地內合理配置，且校舍或居室任一點至最近之避難設備步行距離，不得超過三百公尺。
（三）供工廠使用之建築物，其層數在五層以上者，按建築面積全部附建，或按目的事業主管機關所核定之投資計畫或設廠計畫書等之設廠人數每人一平方公尺計算，整體規劃附建防空避難設備。
（四）供其他公眾使用之建築物，其層數在五層以上者，按建築面積全部附建。
前項建築物樓層數之計算，不包括整層依獎勵增設停車空間規定設置停車空間之樓層。
本規則中華民國一百十五年七月一日修正施行前已供學校使用之建築物，於修正施行後有前條所定新建、增建、改建或變更用途情形，致其防空避難設備未達原附建基準，或有增加容納使用人數者，應按其未達原附建基準之人數差額或增加之使用人數，按每人一平方公尺計算該部分應附建之防空避難設備。",0.079,"[第142條] 防空避難設備 -可集中附建-> 同時申請建照之建築物
【實體原文 - 不得超過附建避難設備面積四分之一】
建築物附建防空避難設備之規定如下：
一、應按建築面積全部附建防空避難設備之建築物，因建築設備或結構上之原因，設置昇降機機道之緩衝基坑、機械室、電氣室、機器之基礎、蓄水池、污水處理設施、排水系統之截留器或分離器等固定設備設在地面以下部分及盥洗室，其所占面積不得超過附建避難設備面積四分之一。
二、進出口樓梯及機械停車設備所占面積不視為前款固定設備面積。
三、同時申請建照之建築物，其應附建之防空避難設備得集中附建。但建築物居室任一點至避難設備進出口之步行距離不得超過三百公尺。
四、建築基地如確因地質地形無法附建地下或半地下式避難設備者，或建築物因重機械設備或其他特殊情形附建地下室或半地下室確實有困難者，經當地主管建築機關審查或勘查屬實，得建築地面式避難設備。
五、供防空避難設備使用之樓地板面積達二百平方公尺者，以兼作停車空間為限；未達二百平方公尺者，得兼作他種用途使用，其使用限制由直轄市、縣（市）政府定之。
【實體原文 - 防空避難設備】
凡經中央主管建築機關指定之適用地區，有新建、增建、改建或變更用途行為之建築物或供公眾使用之建築物，應依本編第一百四十一條附建基準之規定設置防空避難設備。但符合下列規定之一者不在此限：
一、建築物變更用途後應附建之基準與原用途相同或較寬者。
二、依本條指定為適用地區以前建造之建築物申請垂直方向增建者。
三、建築基地周圍一百五十公尺範圍內之地形，有可供全體人員避難使用之處所，經當地主管建築機關會同警察機關勘察屬實者。
四、其他特殊用途之建築物經中央主管建築機關核定者。
---
建築物附建防空避難設備之規定如下：
一、應按建築面積全部附建防空避難設備之建築物，因建築設備或結構上之原因，設置昇降機機道之緩衝基坑、機械室、電氣室、機器之基礎、蓄水池、污水處理設施、排水系統之截留器或分離器等固定設備設在地面以下部分及盥洗室，其所占面積不得超過附建避難設備面積四分之一。
二、進出口樓梯及機械停車設備所占面積不視為前款固定設備面積。
三、同時申請建照之建築物，其應附建之防空避難設備得集中附建。但建築物居室任一點至避難設備進出口之步行距離不得超過三百公尺。
四、建築基地如確因地質地形無法附建地下或半地下式避難設備者，或建築物因重機械設備或其他特殊情形附建地下室或半地下室確實有困難者，經當地主管建築機關審查或勘查屬實，得建築地面式避難設備。
五、供防空避難設備使用之樓地板面積達二百平方公尺者，以兼作停車空間為限；未達二百平方公尺者，得兼作他種用途使用，其使用限制由直轄市、縣（市）政府定之。
【實體原文 - 防空避難設備進出口】
建築物附建防空避難設備之規定如下：
一、應按建築面積全部附建防空避難設備之建築物，因建築設備或結構上之原因，設置昇降機機道之緩衝基坑、機械室、電氣室、機器之基礎、蓄水池、污水處理設施、排水系統之截留器或分離器等固定設備設在地面以下部分及盥洗室，其所占面積不得超過附建避難設備面積四分之一。
二、進出口樓梯及機械停車設備所占面積不視為前款固定設備面積。
三、同時申請建照之建築物，其應附建之防空避難設備得集中附建。但建築物居室任一點至避難設備進出口之步行距離不得超過三百公尺。
四、建築基地如確因地質地形無法附建地下或半地下式避難設備者，或建築物因重機械設備或其他特殊情形附建地下室或半地下室確實有困難者，經當地主管建築機關審查或勘查屬實，得建築地面式避難設備。
五、供防空避難設備使用之樓地板面積達二百平方公尺者，以兼作停車空間為限；未達二百平方公尺者，得兼作他種用途使用，其使用限制由直轄市、縣（市）政府定之。
[第142條] 防空避難設備進出口 -步行距離限制-> 三百公尺",0.082,"【Agent 查閱文獻 1：okf_knowledge\建築技術規則建築設計施工編\第六章_防空避難設備\第一節_（刪除）\第142條.md】
---
title: ""第142條""
law: ""建築技術規則建築設計施工編""
chapter: ""第六章 防空避難設備""
section: ""第一節 （刪除）""
related_articles: []
---
# 第142條

建築物附建防空避難設備之規定如下：
一、應按建築面積全部附建防空避難設備之建築物，因建築設備或結構上之原因，設置昇降機機道之緩衝基坑、機械室、電氣室、機器之基礎、蓄水池、污水處理設施、排水系統之截留器或分離器等固定設備設在地面以下部分及盥洗室，其所占面積不得超過附建避難設備面積四分之一。
二、進出口樓梯及機械停車設備所占面積不視為前款固定設備面積。
三、同時申請建照之建築物，其應附建之防空避難設備得集中附建。但建築物居室任一點至避難設備進出口之步行距離不得超過三百公尺。
四、建築基地如確因地質地形無法附建地下或半地下式避難設備者，或建築物因重機械設備或其他特殊情形附建地下室或半地下室確實有困難者，經當地主管建築機關審查或勘查屬實，得建築地面式避難設備。
五、供防空避難設備使用之樓地板面積達二百平方公尺者，以兼作停車空間為限；未達二百平方公尺者，得兼作他種用途使用，其使用限制由直轄市、縣（市）政府定之。
...

【Agent 查閱文獻 2：okf_knowledge\建築技術規則建築設計施工編\第六章_防空避難設備\第一節_（刪除）\第141條.md】
---
title: ""第141條""
law: ""建築技術規則建築設計施工編""
chapter: ""第六章 防空避難設備""
section: ""第一節 （刪除）""
related_articles: []
---
# 第141條

防空避難設備之附建基準依下列規定：
一、非供公眾使用之建築物，其層數在六層以上者，按建築面積全部附建。
二、供公眾使用之建築物：
（一）供戲院、電影院、歌廳、舞廳及演藝場等使用者，按建築面積全部附建。
（二）供學校使用之建築物，按其主管機關核定計畫容納使用人數每人一平方公尺計算，整體規劃附建防空避難設備。並應就實際情形於基地內合理配置，且校舍或居室任一點至最近之避難設備步行距離，不得超過三百公尺。
（三）供工廠使用之建築物，其層數在五層以上者，按建築面積全部附建，或按目的事業主管機關所核定之投資計畫或設廠計畫書等之設廠人數每人一平方公尺計算，整體規劃附建防空避難設備。
（四）供其他公眾使用之建築物，其層數在五層以上者，按建築面積全部附建。
前項建築物樓層數之計算，不包括整層依獎勵增設停車空間規定設置停車空間之樓層。
本規則中華民國一百十五年七月一日修正施行前已供學校使用之建築物，於修正施行後有前條所定新建、增建、改建或變更用途情形，致其防空避難設備未達原附建基準，或有增加容納使用人數者，應按其未達原附建基準之人數差額或增加之使用人數，按每人一平方公尺計算該部分應附建之防空避難設備。
...",22.6,規範邏輯是依據「建築物用途」（如非供公眾使用、供公眾使用、學校、工廠等）、「層數」（如五層或六層以上）以及「建築面積」或「容納使用人數」來決定標準。通常要求按建築面積全部附建，或依核定使用人數每人一平方公尺進行整體規劃附建。,根據上下文，防空避難設備的規範依據主要包括：1. 建築行為與屬性：位於指定適用地區之新建、增建、改建、變更用途，或供公眾使用之建築物。2. 建築面積：部分建築需按建築面積全部附建，且機電等固定設備面積不得超過避難設備面積的四分之一。3. 樓地板面積：避難設備樓地板面積達200平方公尺者以兼作停車空間為限，未達200平方公尺者得兼作他種用途。,"法規中對於「防空避難設備」的整體規範邏輯與決定標準，主要依據**「用途」、「樓層數」與「建築面積 / 容納人數」**三個核心參數來判定：

1. **依據「用途」與「樓層數」決定附建門檻與規模**
2. **依據「容納人數」計算面積（適用特定用途）**
3. **依據「面積規模」決定兼作彈性**
4. **依據「距離」規範配置合理性**"
請總結法規中關於「綠建築」或「節能設施」（如屋頂綠化、雨水貯留、遮陽設施等）在計算建築面積或建築物高度時的「放寬」或「免計入」規定。,"為積極維護生態環境，落實建築物節約能源，中央主管建築機關得以增加容積或其他獎勵方式，鼓勵建築物採用綠建築綜合設計。
---
適用本章之建築物，其容積樓地板面積、機電設備面積、屋頂突出物之計算，得依下列規定辦理：
一、建築基地因設置雨水貯留利用系統及生活雜排水回收再利用系統，所增加之設備空間，於樓地板面積容積千分之五以內者，得不計入容積樓地板面積及不計入機電設備面積。
二、建築物設置雨水貯留利用系統及生活雜排水回收再利用系統者，其屋頂突出物之高度得不受本編第一條第九款第一目之限制。但不超過九公尺。
---
建築物應使用綠建材，並符合下列規定：
一、建築物室內裝修材料、樓地板面材料及窗，其綠建材使用率應達總面積百分之六十以上。但窗未使用綠建材者，得不計入總面積檢討。
二、建築物戶外地面扣除車道、汽車出入緩衝空間、消防車輛救災活動空間、依其他法令規定不得鋪設地面材料之範圍及地面結構上無須再鋪設地面材料之範圍，其餘地面部分之綠建材使用率應達百分之二十以上。",0.092,"【實體原文 - 本編第十七章綠建築基準及直轄市、縣（市）主管建築機關依當地環境氣候、都市景觀等需要所定之植栽綠化執行相關規定】
開放空間除應予綠化外，不得設置圍牆、欄杆、灌木綠籬、棚架、建築物及其他妨礙公眾通行之設施或為其他使用。但基於公眾使用安全需要，且不妨礙公眾通行或休憩者，經直轄市、縣（市）主管建築機關之建造執照預審小組審查同意，得設置高度一點二公尺以下之透空欄杆扶手或灌木綠籬，且其透空面積應達三分之二以上。
前項綠化之規定應依本編第十七章綠建築基準及直轄市、縣（市）主管建築機關依當地環境氣候、都市景觀等需要所定之植栽綠化執行相關規定辦理。
第二項綠化工程應納入建築設計圖說，於請領建造執照時一併核定之，並於工程完成經勘驗合格後，始得核發使用執照。
第一項開放空間於核發使用執照後，主管建築機關應予登記列管，每年並應作定期或不定期檢查。
【實體原文 - 建築物採用綠建築綜合設計】
為積極維護生態環境，落實建築物節約能源，中央主管建築機關得以增加容積或其他獎勵方式，鼓勵建築物採用綠建築綜合設計。
【實體原文 - 建築物除依本編第五十五條、第一百六十二條、第一百八十一條、第三百條及其他法令規定，不計入樓地板面積部分外，其餘各層樓地板面積之總和】
本規則所稱容積率，指基地內建築物之容積總樓地板面積與基地面積之比。基地面積之計算包括法定騎樓面積。
前項所稱容積總樓地板面積，指建築物除依本編第五十五條、第一百六十二條、第一百八十一條、第三百條及其他法令規定，不計入樓地板面積部分外，其餘各層樓地板面積之總和。",0.091,"【Agent 查閱文獻 1：okf_knowledge\建築技術規則建築設計施工編\第一章_用語定義\第1條.md】
---
chapter: 第一章 用語定義
law: 建築技術規則建築設計施工編
related_articles:
- 第九十五條
- 第十一條
- 第四十二條
- 第九十條
section: ''
summary: 定義了建築技術規則中的關鍵術語及其計算方法，如建築面積、建蔽率、建築物高度等。
tags: 建築面積, 建蔽率, 建筑物高度, 基地面積, 楼层高度
title: 第1條
---
# 第1條

本編建築技術用語，其他各編得適用，其定義如下：
一、一宗土地：本法第十一條所稱一宗土地，指一幢或二幢以上有連帶使用性之建築物所使用之建築基地。但建築基地為道路、鐵路或永久性空地等分隔者，不視為同一宗土地。
二、建築基地面積：建築基地（以下簡稱基地）之水平投影面積。
三、建築面積：建築物外牆中心線或其代替柱中心線以內之最大水平投影面積。但電業單位規定之配電設備及其防護設施、地下層突出基地地面未超過一點二公尺或遮陽板有二分之一以上為透空，且其深度在二點零公尺以下者，不計入建築面積；陽臺、屋簷及建築物出入口雨遮突出建築物外牆中心線或其代替柱中心線超過二點零公尺，或雨遮、花臺突出超過一點零公尺者，應自其外緣分別扣除二點零公尺或一點零公尺作為中心線；每層陽臺面積之和，以不超過建築面積八分之一為限，其未達八平方公尺者，得建築八平方公尺。
四、建蔽率：建築面積占基地面積之比率。
五、樓地板面積：建築物各層樓地板或其一部分，在該區劃中心線以內之水平投影面積。但不包括第三款不計入建築面積之部分。
六、觀眾席樓地板面積：觀眾席位及縱、橫通道之樓地板面積。但不包括吸煙室、放映室、舞臺及觀眾席外面二側及後側之走廊面積。
七、總樓地板面積：建築物各層包括地下層、屋頂突出物及夾層等樓地板面積之總和。
八、基地地面：基地整地完竣後，建築物外牆與地面接觸最低一側之水平面；基地地面高低相差超過三公尺，以每相差三公尺之水平面為該部分基地地面。
九、建築物高度：自基地地面計量至建築物最高部分之垂直高度。但屋頂突出物或非平屋頂建築物之屋頂，自其頂點往下垂直計量之高度應依下列規定，且不計入建築物高度：
（一）第十款第一目之屋頂突出物高度在六公尺以內或有昇降機設備通達屋頂之屋頂突出物高度在九公尺以內，且屋頂突出物水平投影面積之和，除高層建築物以不超過建築面積百分之十五外，其餘以不超過建築面積百分之十二點五為限，其未達二十五平方公尺者，得建築二十五平方公尺。
（二）水箱、水塔設於屋頂突出物上高度合計在六公尺以內或設於有昇降機設備通達屋頂之屋頂突出物高度在九公尺以內或設於屋頂面上高度在二點五公尺以內。
（三）女兒牆高度在一點五公尺以內。
（四）第十款第三目至第五目之屋頂突出物。
（五）非平屋頂建築物之屋頂斜率（高度與水平距離之比）在二分之一以下者。
（六）非平屋頂建築物之屋頂斜率（高度與水平距離之比...

【Agent 查閱文獻 2：okf_knowledge\建築技術規則建築設計施工編\第十七章_綠建築基準\第五節_建築物雨水及生活雜排水回收再利用\第318條.md】
---
title: ""第318條""
law: ""建築技術規則建築設計施工編""
chapter: ""第十七章 綠建築基準""
section: ""第五節 建築物雨水及生活雜排水回收再利用""
related_articles: []
---
# 第318條

建築物設置雨水貯留利用或生活雜排水回收再利用設施者，應符合左列規定：
一、輸水管線之坡度及管徑設計，應符合建築設備編第二章給水排水系統及衛生設備之相關規定。
二、雨水供水管路之外觀應為淺綠色，且每隔五公尺標記雨水字樣；生活雜排水回收再利用水供水管之外觀應為深綠色，且每隔四公尺標記生活雜排水回收再利用水字樣。
三、所有儲水槽之設計均須覆蓋以防止灰塵、昆蟲等雜物進入；地面開挖貯水槽時，必須具備預防砂土流入及防止人畜掉入之安全設計。
四、雨水貯留利用設施或生活雜排水回收再利用設施，應於明顯處標示雨水貯留利用設施或生活雜排水回收再利用設施之名稱、用途或其他說明標示，其專用水栓或器材均應有防止誤用之注意標示。
...",15.4,1. 面積免計入：設置雨水貯留利用及生活雜排水回收再利用系統所增加的設備空間，若在樓地板面積容積千分之五以內，得不計入容積樓地板面積及機電設備面積。2. 高度放寬：設置上述系統的屋頂突出物高度不受部分原條款限制，但最高不得超過9公尺。文本中並未說明屋頂綠化或遮陽設施的免計入規定。,根據上下文，針對綠建築或節能設施，僅明定中央主管建築機關得以「增加容積」或其他獎勵方式鼓勵建築物採用綠建築綜合設計。其餘關於屋頂綠化、雨水貯留或遮陽設施等具體免計入面積或高度的放寬規定，在此上下文中缺乏相關資訊。,"根據《建築技術規則建築設計施工編》的規定，關於綠建築與節能設施在面積與高度計算上的「放寬」與「免計入」規定總結如下：

**1. 建築面積之免計入（第1條第3款、第162條）**
*   **遮陽設施**：遮陽板若有二分之一以上為透空，且其深度在2.0公尺以下者，**不計入建築面積**。

**2. 建築物高度之免計入（第1條第9款、第10款）**
下列設於屋頂之突出物或節能設施，**不計入建築物高度**：
*   雨水貯留利用系統設備。
*   突出屋面之管道間、採光換氣或再生能源使用等節能設施。
*   突出屋面之三分之一以上透空遮牆、三分之二以上透空立體構架供景觀造型、屋頂綠化等公益及綠建築設施。

**3. 屋頂突出物面積之放寬（第1條第10款第5目）**
*   屋頂綠化設施與樓梯間、昇降機間等規定之突出物面積合併計算時，放寬至以**不超過建築面積的30%**為限。"
針對行動不便者，法規在「無障礙環境」的硬體設計上（如坡道、廁所、停車位），其主要規範架構與要求為何？,"居室出入口及具無障礙設施之廁所盥洗室、浴室、客房、昇降設備、停車空間及樓梯應設有無障礙通路通達。
---
為便利行動不便者進出及使用建築物，新建或增建建築物，應依本章規定設置無障礙設施。但符合下列情形之一者，不在此限：
一、獨棟或連棟建築物，該棟自地面層至最上層均屬同一住宅單位且第二層以上僅供住宅使用。
二、供住宅使用之公寓大廈專有及約定專用部分。
三、除公共建築物外，建築基地面積未達一百五十平方公尺或每棟每層樓地板面積均未達一百平方公尺。
前項各款之建築物地面層，仍應設置無障礙通路。
前二項建築物因建築基地地形、垂直增建、構造或使用用途特殊，設置無障礙設施確有困難，經當地主管建築機關核准者，得不適用本章一部或全部之規定。
建築物無障礙設施設計規範，由中央主管建築機關定之。",0.075,"【實體原文 - 無礙公共安全及交通】
依本法第五十一條但書規定可突出建築線之建築物，包括左列各項：
一、紀念性建築物：紀念碑、紀念塔、紀念銅像、紀念坊等。
二、公益上有必要之建築物：候車亭、郵筒、電話亭、警察崗亭等。
三、臨時性建築物：牌樓、牌坊、裝飾塔、施工架、棧橋等，短期內有需要而無礙交通者。
四、地面下之建築物、對公益上有必要之地下貫穿道等，但以不妨害地下公共設施之發展為限。
五、高架道路橋面下之建築物。
六、供公共通行上有必要之架空走廊，而無礙公共安全及交通者。
[第167-1條] 具無障礙設施之廁所 -設有-> 無障礙通路
[第297條] 坡道及扶手等設施 -應依-> 第一百七十一條至第一百七十三條及第一百七十五條規定
【實體原文 - 坡道及扶手等設施】
老人住宅服務空間應符合左列規定：
一、二層以上之樓層或地下層應設專供行動不便者使用之昇降設備或其他設施通達地面層。該昇降設備其出入口淨寬度及出入口前方供輪椅迴轉空間應依本編第一百七十四條規定。
二、老人住宅之坡道及扶手、避難層出入口、室內出入口、室內通路走廊、樓梯、共用浴室、共用廁所應依本編第一百七十一條至第一百七十三條及第一百七十五條規定。
前項昇降機間及直通樓梯之梯間，應為獨立之防火區劃並設有避難空間，其面積及配置於設計規範定之。
【實體原文 - 具無障礙設施之廁所】
居室出入口及具無障礙設施之廁所盥洗室、浴室、客房、昇降設備、停車空間及樓梯應設有無障礙通路通達。",0.075,"【Agent 查閱文獻 1：okf_knowledge\建築技術規則建築設計施工編\第十章_無障礙建築物\_index.md】
---
type: ""moc""
folder: ""第十章_無障礙建築物""
---
# 第十章_無障礙建築物 導覽索引

## 章節導讀
這個章節主要規範了建築物中的無障礙設施配置要求，特別著重於無障礙廁所、盥洗室、通路、樓梯、浴室及停車位等設施的設置。核心規範包括：總樓層數超過三層的建築物需設置無障礙廁所和盥洗室；固定座椅建築物需配備輪椅觀眾席位；直通樓梯中至少需設置一座無障礙樓梯；共用浴室需設置無障礙浴室；無障礙停車位數量需根據建築物法定停車位總數量和用途類別設定；B-4組建築物需設置一定比例的無障礙客房。此外，還規定了新建或增建建築物需設置無障礙設施的要求。

## 包含條文
- 第167-3條: 建築物需設置無障礙廁所和盥洗室，特別是總樓層數超過三層時需按規定增加設置數量。
- 第167-5條: 建築物設有固定座椅時，輪椅觀眾席位數量需根據座椅總數按規定配備
- 第167-1條: 建築物內需設置無障礙通路以連接特定空間或設施
- 第173條: 本條規定旨在避免建築物超過指定的高度限制
- 第176條: 刪除原有規定
- 第167-2條: 直通樓梯中至少需有一座為无障碍樓梯
- 第167-4條: 建築物設有共用浴室時，每棟至少需設置一個无障碍浴室。
- 第177-1條: 刪除原有規定
- 第174條: 刪除原有規定
- 第167-6條: 設定無障礙停車位數量根據建築物法定停車位總數量和用途類別
- 第171條: 本條規定旨在避免建築物超過指定的高度限制
- 第169條: 刪除原有規定
- 第175條: 刪除原有規定
- 第168條: 刪除原有規定
- 第167條: 新建或增建建築物需設置無障礙設施，除非符合特定條件如獨棟住宅或多層住宅特定情況等。
- 第167-7條: B-4組建築物無障礙客房數量至少為客房總數量的百分之一
- 第172條: 刪除原有規定
- 第177條: 刪除原有規定
- 第170條: 規定公共建築物適用範圍
...

【Agent 查閱文獻 2：okf_knowledge\建築技術規則建築設計施工編\第十章_無障礙建築物\第167-6條.md】
---
chapter: 第十章 無障礙建築物
law: 建築技術規則建築設計施工編
related_articles: []
section: ''
summary: 設定無障礙停車位數量根據建築物法定停車位總數量和用途類別
tags: 無障礙, 停車位, 建築物, 經濟效益, 使用用途
title: 第167-6條
---
# 第167-6條

（因條文排版無法完整呈現內容，請詳閱
完整條文
檔案）
建築物法定停車位總數量為五十輛以下者，應至少設置一輛無障礙停車位。
建築物法定停車位總數量為五十一輛以上者，依下列規定計算設置無障礙停車位數量：
一、建築物使用用途為下表所定單一類別：依該類別基準計算設置。
二、建築物使用用途為下表所定二類別：依各該類別分別計算設置。但二類別或其中一類別之法定停車位數量為五十輛以下者，得按該建築物法定停車位總數量，以法定停車位較多數量之類別基準計算設置，二類別之法定停車位數量相同者，按該建築物法定停車位總數量，以其中一類別基準計算設置。
...",18.0,主要要求為：建築物的居室出入口及具無障礙設施的廁所、浴室、昇降設備、停車空間與樓梯，均必須設有「無障礙通路」通達。新建或增建建築物皆應設置無障礙設施（部分特定住宅或小面積建築除外），且地面層仍必須設置無障礙通路。詳細的無障礙設施設計規範則由中央主管建築機關另定。,根據上下文，針對行動不便者的主要規範要求包括：1. 昇降設備：二層以上或地下層應設專供行動不便者通達地面層之昇降設備，出入口淨寬及輪椅迴轉空間須符合規定。2. 無障礙通路：居室出入口、具無障礙設施之廁所、浴室、客房、昇降設備、停車空間及樓梯，均應設有無障礙通路通達。3. 老人住宅之坡道、扶手、出入口、共用浴廁等，皆須依相關規定設置。,"針對行動不便者的無障礙環境硬體設計，其主要規範架構與要求如下：

1. **主要規範架構**：基礎法規為第十章「無障礙建築物」，詳細標準授權由《建築物無障礙設施設計規範》定之。
2. **坡道與通路要求**：建築物內相關出入口及設施必須全面設置**無障礙通路**。
3. **無障礙廁所要求**：三層樓以下至少設1處；超過三層部分每增3層需增設1處。
4. **無障礙停車位要求**：法定停車位50輛以下至少設1輛，51輛以上依類別比例設置。"
關於「防火間隔」的設計，法規的主要考量點是什麼？請說明不同構造材質（如防火構造與非防火構造）與建築物高度，如何影響防火間隔的留設標準。,"非防火構造之建築物，其主要構造為木造等可燃材料建造者，應按其總樓地板面積每五○○平方公尺，以具有一小時以上防火時效之牆壁予以區劃分隔。
前項之區劃牆壁應為獨立式構造，並應自地面層起，貫穿各樓層與屋頂，除該牆突出外牆及屋面五十公分以上者外，與該牆交接處之外牆及屋頂應有長度三．六公尺以上部分具有一小時以上防火時效且無開口，或雖有開口但裝設具有一小時以上防火時效之防火門窗等防火設備。區劃牆壁不得為無筋混凝土或磚石構造。
第一項之區劃牆壁上需設開口者，其寬度及高度不得大於二．五公尺，並應裝設具有一小時以上防火時效及阻熱性之防火門窗等防火設備。
---
非防火構造建築物，除基地鄰接寬度六公尺以上道路或深度六公尺以上之永久性空地側外，建築物應自基地境界線（後側及兩側）退縮留設淨寬一．五公尺以上之防火間隔。一基地內兩幢建築物間應留設淨寬三公尺以上之防火間隔。
前項建築物自基地境界線退縮留設之防火間隔超過六公尺之建築物外牆與屋頂部分，及一基地內二幢建築物間留設之防火間隔超過十二公尺之建築物外牆與屋頂部分，得不受本編第八十四條之一應以不燃材料建造或覆蓋之限制。",0.077,"【實體原文 - 主要構造為防火構造】
車庫等之建築物構造除應依本編第六十九條附表第六類規定辦理外，凡有左列情形之一者，應為防火建築物：
一、車庫等設在避難層，其直上層樓地板面積超過一○○平方公尺者。但設在避難層之車庫其直上層樓地板面積在一○○平方公尺以下或其主要構造為防火構造，且與其他使用部份之間以防火樓板、防火牆以及甲種防火門區劃者不在此限。
二、設在避難層以外之樓層者。
【實體原文 - 防火間隔規定】
防火構造建築物，除基地鄰接寬度六公尺以上之道路或深度六公尺以上之永久性空地側外，依左列規定：
一、建築物自基地境界線退縮留設之防火間隔未達一．五公尺範圍內之外牆部分，應具有一小時以上防火時效，其牆上之開口應裝設具同等以上防火時效之防火門或固定式防火窗等防火設備。
二、建築物自基地境界線退縮留設之防火間隔在一．五公尺以上未達三公尺範圍內之外牆部分，應具有半小時以上防火時效，其牆上之開口應裝設具同等以上防火時效之防火門窗等防火設備。但同一居室開口面積在三平方公尺以下，且以具半小時防火時效之牆壁（不包括裝設於該牆壁上之門窗）與樓板區劃分隔者，其外牆之開口不在此限。
三、一基地內二幢建築物間之防火間隔未達三公尺範圍內之外牆部分，應具有一小時以上防火時效，其牆上之開口應裝設具同等以上防火時效之防火門或固定式防火窗等防火設備。
四、一基地內二幢建築物間之防火間隔在三公尺以上未達六公尺範圍內之外牆部分，應具有半小時以上防火時效，其牆上之開口應裝設具同等以上防火時效之防火門窗等防火設備。但同一居室開口面積在三平方公尺以下，且以具半小時防火時效之牆壁（不包括裝設於該牆壁上之門窗）與樓板區劃分隔者，其外牆之開口不在此限。
五、建築物配合本編第九十條規定之避難層出入口，應在基地內留設淨寬一．五公尺之避難用通路自出入口接通至道路，避難用通路得兼作防火間隔。臨接避難用通路之建築物外牆開口應具有一小時以上防火時效及半小時以上之阻熱性。
六、市地重劃地區，應由直轄市、縣（市）政府規定整體性防火間隔，其淨寬應在三公尺以上，並應接通道路。
[第137條] 主要構造為防火構造 -則不需要-> 為防火建築物
【實體原文 - 防火構造或以不燃材料所建造】
戲院及演藝場之舞台面積在三○○平方公尺以上者，其構造依左列規定：
一、舞台開口之四周應設置防火牆，舞台開口之頂部與觀眾席之分界處應設置防火構造壁梁通達屋頂或樓板。
二、舞台下及舞台各側之其他各室均應為防火構造或以不燃材料所建造。
三、舞台上方應設置自動撒水或噴霧泡沬等滅火設備及有效之排煙設備。
四、自舞台及舞台各側之其他各室應設有可通達戶外空地之出入口、樓梯或寬一公尺以上之避難用通道。",0.079,"【Agent 查閱文獻 1：okf_knowledge\建築技術規則建築設計施工編\第三章_建築物之防火\第三節_防火構造\第69條.md】
---
title: ""第69條""
law: ""建築技術規則建築設計施工編""
chapter: ""第三章 建築物之防火""
section: ""第三節 防火構造""
related_articles: []
---
# 第69條

下表之建築物應為防火構造。但工廠建築，除依下表 C  類規定外，作業廠房樓地板面積，合計超過五十平方公尺者，其主要構造，均應以不燃材料建造。
┌─────────┬────────────────────┐
│　建築物使用類組  │            應為防火構造者              │
├─┬───────┼────┬──────┬────────┤
│類│    組  別    │樓    層│總樓地板面積│樓層及樓地板面積│
│別│              │        │            │之和            │
├─┼───┬───┼────┼──────┼────────┤
│Ａ│公共集│全  部│全    部│    －      │      －        │
│類│會類  │      │        │            │                │
├─┼───┼───┼────┼──────┼────────┤
│Ｂ│商業類│全部  │三層以上│三○○○平方│二層部分之面積在│
│類│      │      │之樓層  │公尺以上    │五○○平方公尺以│
│  │      │      │        │            │上。            │
├─┼───┼───┼────┼──────┼────────┤
│Ｃ│工業、│全部  │三層以上│一五○○平方│變電所、飛機庫、│
│類│倉儲類│      │之樓層  │公尺以上（工│汽車修理場、發電│
│  │      │      │        │廠除外）    │場、廢料堆置或處│
│  │      │      │        │            │理場、廢棄物處理│
│  │      │      │        │            │場及其他經地方主│
│  │      │      │        │            │管建築機關認定之│
│  │      │      │        │            │建築物，其總樓地│
│  │      │      │        │            │板面積在一五○平│
│  │      │      │        │            │方公尺以上者。  │
├─┼───┼───┼────┼──────┼────────┤
│Ｄ│休閒、│全部  │三層以上│二○○○...

【Agent 查閱文獻 2：okf_knowledge\建築技術規則建築設計施工編\第四章_防火避難設施及消防設備\第六節_防火間隔\第110條.md】
---
title: ""第110條""
law: ""建築技術規則建築設計施工編""
chapter: ""第四章 防火避難設施及消防設備""
section: ""第六節 防火間隔""
related_articles: [""第九十條""]
---
# 第110條

防火構造建築物，除基地鄰接寬度六公尺以上之道路或深度六公尺以上之永久性空地側外，依左列規定：
一、建築物自基地境界線退縮留設之防火間隔未達一．五公尺範圍內之外牆部分，應具有一小時以上防火時效，其牆上之開口應裝設具同等以上防火時效之防火門或固定式防火窗等防火設備。
二、建築物自基地境界線退縮留設之防火間隔在一．五公尺以上未達三公尺範圍內之外牆部分，應具有半小時以上防火時效，其牆上之開口應裝設具同等以上防火時效之防火門窗等防火設備。但同一居室開口面積在三平方公尺以下，且以具半小時防火時效之牆壁（不包括裝設於該牆壁上之門窗）與樓板區劃分隔者，其外牆之開口不在此限。
三、一基地內二幢建築物間之防火間隔未達三公尺範圍內之外牆部分，應具有一小時以上防火時效，其牆上之開口應裝設具同等以上防火時效之防火門或固定式防火窗等防火設備。
四、一基地內二幢建築物間之防火間隔在三公尺以上未達六公尺範圍內之外牆部分，應具有半小時以上防火時效，其牆上之開口應裝設具同等以上防火時效之防火門窗等防火設備。但同一居室開口面積在三平方公尺以下，且以具半小時防火時效之牆壁（不包括裝設於該牆壁上之門窗）與樓板區劃分隔者，其外牆之開口不在此限。
五、建築物配合本編第九十條規定之避難層出入口，應在基地內留設淨寬一．五公尺之避難用通路自出入口接通至道路，避難用通路得兼作防火間隔。臨接避難用通路之建築物外牆開口應具有一小時以上防火時效及半小時以上之阻熱性。
六、市地重劃地區，應由直轄市、縣（市）政府規定整體性防火間隔，其淨寬應在三公尺以上，並應接通道路。
...",24.7,主要考量點在於防止火災蔓延，要求以具防火時效的牆壁進行區劃分隔。關於不同構造材質，文本指出「非防火構造」且主要構造為可燃材料的建築物，除特定臨路或空地條件外，必須自基地境界線退縮留設至少1.5公尺的防火間隔，同一基地內兩幢建築物間則須留設至少3公尺的防火間隔。文本缺乏關於「防火構造」與「建築物高度」如何影響防火間隔標準的資訊。,根據上下文，防火間隔的主要考量在於外牆及開口部的防火時效，以防止火勢蔓延。針對「防火構造」：1. 退縮留設之防火間隔未達1.5公尺，外牆需1小時以上防火時效；1.5公尺至未達3公尺需半小時以上。2. 同基地兩棟建築物間距離未達3公尺需1小時以上；3公尺至未達6公尺需半小時以上。上下文中缺乏關於「非防火構造」及「建築物高度」如何影響防火間隔的資訊。,"關於「防火間隔」的設計，法規的主要考量點在於**防止火災發生時火勢蔓延（延燒）至鄰地或同基地內的鄰棟建築物**。不同構造材質的標準：

1. **防火構造建築物**：距離越近，防火性能要求越高。距境界線未達1.5公尺，外牆需1小時防火時效；1.5至3公尺需半小時。
2. **非防火構造建築物**：因材質耐火弱，強制退縮留設淨寬1.5公尺以上防火間隔，且距離境界線3公尺以內之外牆需半小時以上防火時效。"
